time,amplitude
0.0,-0.004175323341470152
0.004,0.007357136054972816
0.008,0.03626403664759449
0.012,0.03958071596135475
0.016,0.0638915401602168
0.02,0.050611105545804655
0.024,0.08362226241188396
0.028,0.08213332074157143
0.032,0.07033512611984108
0.036,0.09014355926866925
0.04,0.08387024478720023
0.044,0.1030203646901903
0.048,0.10915207219292906
0.052,0.09823844869552921
0.056,0.1178738919480015
0.06,0.09406921082087676
0.064,0.13545129315539703
0.068,0.11378202372113212
0.072,0.13646210259126318
0.076,0.10736308472560553
0.08,0.09158042330030958
0.084,0.12220041887697218
0.088,0.09079299752661686
0.092,0.10530495413758045
0.096,0.08020019812422279
0.1,0.12286370455345644
0.104,0.08405298991764494
0.108,0.048362402123769174
0.112,0.085242120549543
0.116,0.03995657790800043
0.12,0.043407026405300926
0.124,0.038895684370301144
0.128,-0.09353860153108659
0.132,-0.12281482337904134
0.136,-0.11224949160272614
0.14,-0.015534979620335884
0.144,0.5620281984477243
0.148,0.9110437774340989
0.152,0.9300293531200182
0.156,0.6088548794096821
0.16,0.2514880067819854
0.164,0.10257210537948813
0.168,0.021232231202308084
0.172,0.0005925669691944363
0.176,-0.07194080063654022
0.18,-0.20281901244946945
0.184,-0.22283271633489393
0.188,-0.1250381320807972
0.192,-0.026967599975582963
0.196,0.038095338407051815
0.2,0.05429909993547414
0.204,0.027995553177807546
0.208,0.048971125003701294
0.212,0.07645639000354867
0.216,0.07200253996443041
0.22,0.0668365652400308
0.224,0.08595127451356309
0.228,0.10522573490424487
0.232,0.08793471488201669
0.236,0.09914945088199188
0.24,0.11971713852334417
0.244,0.1407002897677987
0.248,0.14951596350440968
0.252,0.1510318487561325
0.256,0.18152031496964358
0.26,0.17454637820494834
0.264,0.16394629154910312
0.268,0.21670447226032005
0.272,0.19817961742654536
0.276,0.22373531156051205
0.28,0.22794977391666738
0.284,0.2884266344660714
0.288,0.284026381931127
0.292,0.2866389009755372
0.296,0.25380049911231783
0.3,0.30362556906206306
0.304,0.3091379395758922
0.308,0.3191839106080616
0.312,0.3324025261599104
0.316,0.33549724473656456
0.32,0.32590237951313067
0.324,0.3480549854791327
0.328,0.34500806870810663
0.332,0.35126747175148776
0.336,0.3800941793246269
0.34,0.3275129858063462
0.344,0.3477482885396612
0.348,0.37188055355847743
0.352,0.33647033566046064
0.356,0.3154418539948345
0.36,0.33974744954457486
0.364,0.3341749155566714
0.368,0.30751218567758176
0.372,0.3071717897198367
0.376,0.30283380752722217
0.38,0.3003326267847579
0.384,0.2365393493912399
0.388,0.24899515356367774
0.392,0.25473821640140926
0.396,0.23989765733222512
0.4,0.22630201844691877
0.404,0.21303370268588243
0.408,0.22889982710315343
0.412,0.21640953999096516
0.416,0.18705347343098447
0.42,0.16379825239691642
0.424,0.18643772540485287
0.428,0.1545138429853776
0.432,0.10745732490628
0.436,0.1427087964657748
0.44,0.10496450713535277
0.444,0.12007922285801699
0.448,0.11983707258051123
0.452,0.0859454407452924
0.456,0.09297897485945464
0.46,0.1240737753504833
0.464,0.10986666241940304
0.468,0.09153101223490787
0.472,0.10916018774966124
0.476,0.08327227574759705
0.48,0.10673888998049255
0.484,0.11903160788641737
0.488,0.10004176814672766
0.492,0.11003639121649895
0.496,0.06591579098939569
0.5,0.07568015206476675
0.504,0.08621204636340829
0.508,0.08737849576623159
0.512,0.12576660611852586
0.516,0.07772595501386013
0.52,0.09320210395596763
0.524,0.11444189268578106
0.528,0.07485850470568492
0.532,0.0872406753429018
0.536,0.09072876688201546
0.54,0.0821041610763521
0.544,0.1306931004190666
0.548,0.09174446518248186
0.552,0.10744859705073591
0.556,0.07158089961103516
0.56,0.06078976665680278
0.564,0.07371731697852832
0.568,0.09947571772394675
0.572,0.10027529735018098
0.576,0.06679219740877967
0.58,0.06940431176226089
0.584,0.08571232005244332
0.588,0.08287548107889155
0.592,0.09291604236991657
0.596,0.11484587853089581
0.6,0.09787414331849979
0.604,0.09530548574449746
0.608,0.09163126593330322
0.612,0.07972833737432759
0.616,0.12846770873029537
0.62,0.04548288672223694
0.624,0.0816985949244726
0.628,0.09825755377645709
0.632,0.058323745253105186
0.636,0.09133204679754973
0.64,0.07805144899701617
0.644,0.0767391586090254
0.648,0.07223289009135832
0.652,0.09128933207182993
0.656,0.09784004524115525
0.66,0.13594085172771106
0.664,0.05793989019373837
0.668,0.07082063024304898
0.672,0.07432596414121312
0.676,0.06632746936034721
0.68,0.06811143618765766
0.684,0.07129971490268813
0.688,0.04979195135349208
0.692,0.09634080454616635
0.696,0.09637016124777091
0.7,0.07563684105032371
0.704,0.10027036421169347
0.708,0.0766004403808934
0.712,0.07191825904639457
0.716,0.09831705120059983
0.72,0.06266401613100793
0.724,0.01846774972858144
0.728,0.0596934129812573
0.732,0.05936507618999223
0.736,0.06711843727628311
0.74,0.07300549989294706
0.744,0.06802579033835868
0.748,0.0730558974916198
0.752,0.0695412828410876
0.756,0.053325742548975444
0.76,0.05401471247262486
0.764,0.03807650028574801
0.768,0.0756981304111775
0.772,0.06590689645404942
0.776,0.08181222751579237
0.78,0.046678030927670006
0.784,0.03639246341612138
0.788,0.06332960196827864
0.792,0.07602916892685092
0.796,0.03950597815285392
0.8,0.08190640626312126
0.804,0.07159987314128981
0.808,0.03748134319107679
0.812,0.07541766135305644
0.816,0.07199809771793933
0.82,0.03080669526552884
0.824,0.06413771060012408
0.828,0.07068840265898435
0.832,0.034179107493094656
0.836,0.035551205222433144
0.84,0.05958665823963533
0.844,0.06386754352358763
0.848,0.07006761297570818
0.852,0.09077342795419768
0.856,0.0926250939723981
0.86,0.06354165471811901
0.864,0.10476437494567706
0.868,0.11594664210265117
0.872,0.08975818685848705
0.876,0.0849614788339111
0.88,0.12125935368923262
0.884,0.10700116557874925
0.888,0.12073770709687456
0.892,0.12241747253029657
0.896,0.13243395337438735
0.9,0.12423649369145545
0.904,0.11438114938609496
0.908,0.10027351457873404
0.912,0.10369055711440037
0.916,0.10421582714068982
0.92,0.09309131195019464
0.924,0.10458753111819433
0.928,0.07149288128855874
0.932,0.061855596185398334
0.936,0.060248469481714764
0.94,0.077962616574816
0.944,0.035523567622669845
0.948,0.054626023179175
0.952,0.035538192648662245
0.956,0.03860763402024761
0.96,-0.08194252236020633
0.964,-0.16604126797589336
0.968,-0.1472878654028134
0.972,-0.11811814776577732
0.976,0.4192042289986323
0.98,0.7859526137651991
0.984,0.9371821072030367
0.988,0.6636865972484941
0.992,0.28142264321516386
0.996,0.08208447188877098
1.0,0.036843018262431984
1.004,-0.023150862160182417
1.008,-0.11670504307809615
1.012,-0.1847685339703946
1.016,-0.25640656799920375
1.02,-0.23525237260220241
1.024,-0.12260299098958857
1.028,-0.04159541259352728
1.032,-0.01457276025023835
1.036,-0.017556337655959656
1.04,-0.023246483980017527
1.044,-0.012578931525705293
1.048,-0.025579323273992215
1.052,0.0010534001037052535
1.056,-0.03489464089489649
1.06,0.0004272628263808297
1.064,0.020420504329985524
1.068,0.0449819283908948
1.072,0.06276161366913173
1.076,0.03316366327535761
1.08,0.06627991177769506
1.084,0.07919722430764901
1.088,0.06020429395205875
1.092,0.07588941167789513
1.096,0.09706450788461676
1.1,0.11296079329151841
1.104,0.13615295105731343
1.108,0.1433535069862821
1.112,0.15732476250354938
1.116,0.12676543514341368
1.12,0.18131819521429737
1.124,0.14146670380254692
1.128,0.20345765367114416
1.132,0.1980419203187041
1.136,0.21329514917103515
1.14,0.2549967293227917
1.144,0.22161444863018817
1.148,0.23217122804639423
1.152,0.20967307335770444
1.156,0.22074083341703213
1.16,0.17378131384613102
1.164,0.2349391500303584
1.168,0.21683153203151842
1.172,0.19923552410755013
1.176,0.23048740908072024
1.18,0.18577212286620814
1.184,0.20830794920201673
1.188,0.20019963000953328
1.192,0.2046940500853726
1.196,0.20471239987050108
1.2,0.1830160041958584
1.204,0.18131609946444596
1.208,0.16153843375326896
1.212,0.17821813006337628
1.216,0.13706116116486727
1.22,0.13031704828646237
1.224,0.09892826149241021
1.228,0.08018072279932081
1.232,0.08170627377946027
1.236,0.06873371656298101
1.24,0.056288416248981864
1.244,0.010982303912058832
1.248,0.05752588685156545
1.252,0.025543261194413264
1.256,0.03153654144119302
1.26,-0.03056725321698886
1.264,-0.013160854960491056
1.268,-0.0004868853721625368
1.272,-0.019425752363558205
1.276,-0.06495515354170417
1.28,-0.0300040960587505
1.284,-0.07238403373135524
1.288,-0.06504923413152515
1.292,-0.09396442067920642
1.296,-0.09031210882628828
1.3,-0.06577969994365923
1.304,-0.08650393865583288
1.308,-0.09163995140364106
1.312,-0.060766760922782215
1.316,-0.08079947401444611
1.32,-0.08179211177522029
1.324,-0.05107671851695073
1.328,-0.08434664058270355
1.332,-0.07696962219764567
1.336,-0.05984991223485269
1.34,-0.07306247377517952
1.344,-0.08991348576660585
1.348,-0.09528680763957713
1.352,-0.10188982207693809
1.356,-0.07273616125209778
1.36,-0.07170678579192681
1.364,-0.06183264711753797
1.368,-0.07357387751369208
1.372,-0.08293507083672402
1.376,-0.07244129733298876
1.38,-0.054869937993868204
1.384,-0.08095736763360048
1.388,-0.09072056709588977
1.392,-0.09052981762970831
1.396,-0.06886045590372261
1.4,-0.06305443831246378
1.404,-0.0622374735120964
1.408,-0.09562288677719927
1.412,-0.08369364823294007
1.416,-0.09112563854054562
1.42,-0.08294629996060661
1.424,-0.08446353298802342
1.428,-0.08365758198679077
1.432,-0.10931636179720537
1.436,-0.10785757218905238
1.44,-0.05592208450542563
1.444,-0.05976251557300445
1.448,-0.11483297170897085
1.452,-0.11253573342385194
1.456,-0.10020474348285238
1.46,-0.09524314167599901
1.464,-0.08354858861358122
1.468,-0.10808617492306623
1.472,-0.07783242744704638
1.476,-0.07873984525899
1.48,-0.09642823128395281
1.484,-0.12381760652903709
1.488,-0.0942803262064586
1.492,-0.09844985982400424
1.496,-0.056062224263396604
1.5,-0.11528799667340821
1.504,-0.10141824335773525
1.508,-0.08869078447624758
1.512,-0.058266724843038596
1.516,-0.09471621268096991
1.52,-0.05755484771726447
1.524,-0.09196023130819733
1.528,-0.10730242088315958
1.532,-0.11287336135092177
1.536,-0.10616179837315796
1.54,-0.08932744121809892
1.544,-0.08325906789170788
1.548,-0.08568106412673598
1.552,-0.09297798265688408
1.556,-0.10638973121856025
1.56,-0.07005734017674946
1.564,-0.10950916843309398
1.568,-0.08405556514501471
1.572,-0.06669087970980873
1.576,-0.10641555712986389
1.58,-0.0706592276179178
1.584,-0.11319816044882422
1.588,-0.12208590079287616
1.592,-0.09470642629357384
1.596,-0.041661865215160826
1.6,-0.07498407067856734
1.604,-0.07891789315135848
1.608,-0.06121794690530843
1.612,-0.06385467440968663
1.616,-0.06075928196235092
1.62,-0.04341975410575344
1.624,-0.10000914468740923
1.628,-0.11013644545110655
1.632,-0.09887740699684608
1.636,-0.09732634765949914
1.64,-0.10234176257733243
1.644,-0.09383367456635315
1.648,-0.09130598334195728
1.652,-0.07386694446272152
1.656,-0.1049590718314109
1.66,-0.0642238592694877
1.664,-0.108397181089746
1.668,-0.12328187645655872
1.672,-0.057539717160443704
1.676,-0.040869471640489964
1.68,-0.03735603680360173
1.684,-0.0684786782282652
1.688,-0.00012257313210795967
1.692,-0.00742514891167131
1.696,-0.013698682722603656
1.7,0.003374365062962949
1.704,0.012307329279686656
1.708,0.016503470818856482
1.712,0.003289609440572866
1.716,0.004734760966444109
1.72,0.007281938135715789
1.724,0.05120310435031988
1.728,0.052513880088749444
1.732,0.012010803142551828
1.736,0.057884348896589215
1.74,0.03818665252988487
1.744,0.023972558233821148
1.748,-0.0040013209959493925
1.752,0.0028187655039305197
1.756,0.056482599118247184
1.76,0.022532476050711892
1.764,0.0026820213697766123
1.768,-0.0017163778248436594
1.772,-0.024216765304363567
1.776,-0.009304575074523048
1.78,0.0011848347167924833
1.784,-0.06118799189794786
1.788,-0.0663763294519254
1.792,-0.13021146629507727
1.796,-0.23060218625344214
1.8,-0.2269290524100479
1.804,-0.20587848698316474
1.808,-0.12786166433001972
1.812,0.6015538247126181
1.816,0.8668614357680299
1.82,0.7575452953936457
1.824,0.4128734793916629
1.828,0.07190557734806129
1.832,0.008489482502747154
1.836,-0.060275854859959836
1.84,-0.10367181663068228
1.844,-0.20331954595932636
1.848,-0.29862604186113795
1.852,-0.2864445271756822
1.856,-0.19436930691089033
1.86,-0.10087435668415373
1.864,-0.037811820109437115
1.868,-0.0171241335357864
1.872,-0.043447265686730754
1.876,-0.0066884645402789066
1.88,-0.0349097317161102
1.884,0.03767534991036114
1.888,-0.016616424523845985
1.892,-0.03419361295975839
1.896,0.01762589048345478
1.9,0.01693273162760103
1.904,0.012285684686469825
1.908,0.018764147401102004
1.912,0.07085895757602086
1.916,0.06110885198980137
1.92,0.06849229713277628
1.924,0.11548269297900066
1.928,0.13202301368026254
1.932,0.09552346943264087
1.936,0.1496577452147212
1.94,0.13181647548531072
1.944,0.1658635333778971
1.948,0.1354662651402739
1.952,0.19081561903283298
1.956,0.20871878297310847
1.96,0.199799596712207
1.964,0.2043082590914098
1.968,0.2133037216142602
1.972,0.22400839677622927
1.976,0.24532433576739482
1.98,0.21781701267771092
1.984,0.2628326152698197
1.988,0.25828247158844886
1.992,0.29845270692201376
1.996,0.25836368807879023
2.0,0.28538755656007553
2.004,0.30485915943966363
2.008,0.2855120519311303
2.012,0.2627545586300661
2.016,0.2919170849586622
2.02,0.235034685732471
2.024,0.24776892526948427
2.028,0.25262366238070016
2.032,0.23659463698342542
2.036,0.22819335715483144
2.04,0.22716945443826408
2.044,0.23468419431336957
2.048,0.211740786710155
2.052,0.1949927143571773
2.056,0.18901947882241485
2.06,0.18068665469550613
2.064,0.16599331758277236
2.068,0.14189666287726874
2.072,0.1364425261503824
2.076,0.12956140777950428
2.08,0.1305321716447479
2.084,0.10324008270968732
2.088,0.0762831308478192
2.092,0.07546584724328888
2.096,0.05820143289766482
2.1,0.05231469019546958
2.104,0.05986908484151668
2.108,0.046158718044618754
2.112,0.04804722822331334
2.116,0.02846366394378001
2.12,0.040179287786692344
2.124,0.0643672095757964
2.128,0.05646775588754522
2.132,0.02894300301874881
2.136,0.05480138116660863
2.14,0.0414617402060577
2.144,0.053441687956984806
2.148,0.055790620558639765
2.152,0.07402867388083571
2.156,0.031582392427237066
2.16,0.03744403319559036
2.164,0.033428520834180964
2.168,0.04790823134636577
2.172,0.027760789413822623
2.176,0.05885674227911234
2.18,0.04893204218098282
2.184,0.0726258356249391
2.188,0.05952900911621527
2.192,0.042266040303631715
2.196,0.07297447832819318
2.2,0.052642087730079876
2.204,0.036616579615769154
2.208,0.0784428746775431
2.212,0.05258438700451681
2.216,0.06785492627745225
2.22,0.050451264717577465
2.224,0.08281643939423058
2.228,0.02995422693814283
2.232,0.05856085722691502
2.236,0.06888615247238583
2.24,0.07140855980324233
2.244,0.03186776737619577
2.248,0.06680401398120214
2.252,0.0825577176424807
2.256,0.03689909473262345
2.26,0.05224618438356138
2.264,0.07260651640401321
2.268,0.07481238349305068
2.272,0.09035402948069528
2.276,0.05066145777792293
2.28,0.047285201407899484
2.284,0.06990581982659021
2.288,0.0420061967684322
2.292,0.09021079817852823
2.296,0.06601358245312458
2.3,0.08746080851449224
2.304,0.06948441359495869
2.308,0.05708654800635806
2.312,0.059637317937487506
2.316,0.09333057811078689
2.32,0.07447975248068955
2.324,0.06489498434051129
2.328,0.0974448238375543
2.332,0.08927242688100737
2.336,0.07290639075593638
2.34,0.05081124489388542
2.344,0.08558868353581042
2.348,0.07893994736502823
2.352,0.07345225935374268
2.356,0.08338955462830203
2.36,0.09816157256449819
2.364,0.08999403836073881
2.368,0.08305898818110241
2.372,0.06942023669579961
2.376,0.07612988042128163
2.38,0.08288700252250558
2.384,0.07116051134827817
2.388,0.06861442007080995
2.392,0.11111643436578449
2.396,0.06906274496565766
2.4,0.08164013790067244
2.404,0.07544679016831474
2.408,0.08290591454394607
2.412,0.0968131946807711
2.416,0.08195957206526076
2.42,0.07780538822813922
2.424,0.1352272502400572
2.428,0.06499171879919036
2.432,0.07099926003704274
2.436,0.08215329300443282
2.44,0.11755749745054347
2.444,0.10221056734305607
2.448,0.1262387111848749
2.452,0.07571912083453863
2.456,0.1030930037944731
2.46,0.11005735774074996
2.464,0.05817305296856496
2.468,0.07923355161018875
2.472,0.053858858498015146
2.476,0.046168679932759825
2.48,0.06097200383439727
2.484,0.10616535727315338
2.488,0.11536028816150407
2.492,0.12153079461059091
2.496,0.06798917340671141
2.5,0.07547774251556952
2.504,0.11770075176987828
2.508,0.10388095900950664
2.512,0.12740154285444769
2.516,0.12769244235424468
2.52,0.14911140375394058
2.524,0.11248239535647804
2.528,0.15738744109861225
2.532,0.12988786842561337
2.536,0.1873838090777048
2.54,0.18949628564434776
2.544,0.16771967337452692
2.548,0.13890817078594297
2.552,0.18198522162078903
2.556,0.16709117962863262
2.56,0.1872009166814429
2.564,0.19543079296370602
2.568,0.19126250857074414
2.572,0.1589854225291384
2.576,0.19338861458102838
2.58,0.16866833238197046
2.584,0.18441116786531578
2.588,0.16611929440960543
2.592,0.153514550451772
2.596,0.12561499045551686
2.6,0.13073513712506926
2.604,0.13136588258692952
2.608,0.08700354669092918
2.612,0.11002546905163232
2.616,0.09039936146076134
2.62,0.14556666509719593
2.624,0.07993212986617478
2.628,-0.058246404684150085
2.632,-0.06589024272484659
2.636,-0.06369832584965754
2.64,-0.0343096877948173
2.644,0.6355460405323112
2.648,0.9144714120329264
2.652,0.9534291621035073
2.656,0.6248993456761208
2.66,0.28809862743325865
2.664,0.12736619117119843
2.668,0.09433210787893641
2.672,0.03579736393419467
2.676,-0.048271021041216576
2.68,-0.15498070888693366
2.684,-0.1894662338980755
2.688,-0.1677527630001169
2.692,0.00894097619659326
2.696,0.05610708707197341
2.7,0.07363147485067278
2.704,0.08522819000756371
2.708,0.07656474116469553
2.712,0.07890692043058307
2.716,0.1029530160655216
2.72,0.08931046999131081
2.724,0.069706704750058
2.728,0.09170546494447983
2.732,0.13835856975170854
2.736,0.1153322965168208
2.74,0.10155839079124244
2.744,0.16635340410738358
2.748,0.13009992148995006
2.752,0.17006520916805845
2.756,0.15487987252590682
2.76,0.17869753381487335
2.764,0.18232782621491517
2.768,0.19698202319531213
2.772,0.18892524651101408
2.776,0.22085233669481924
2.78,0.23630476254682203
2.784,0.22961782068000067
2.788,0.2659912361332038
2.792,0.2567597867463765
2.796,0.28915010857944595
2.8,0.2769779680999318
2.804,0.29046434953508204
2.808,0.27126004050870844
2.812,0.2923851887650294
2.816,0.33859073492951536
2.82,0.33632193487563916
2.824,0.30763200886468417
2.828,0.33434570563460597
2.832,0.3262494079411175
2.836,0.32730710028556437
2.84,0.3274426681459431
2.844,0.3101151724669211
2.848,0.3171510438516089
2.852,0.290702783734384
2.856,0.28755439580930264
2.86,0.2765344338187729
2.864,0.2662947673710295
2.868,0.24466107331408027
2.872,0.2435005598917592
2.876,0.21260298374067949
2.88,0.20176954304867903
2.884,0.21345430241759455
2.888,0.21417011588260598
2.892,0.21271161723631796
2.896,0.16625028365949748
2.9,0.14963267926930832
2.904,0.15725632523178817
2.908,0.14195606379370349
2.912,0.10886235183065536
2.916,0.12176782158187516
2.92,0.07481174061515974
2.924,0.1009374496867884
2.928,0.07095641049565414
2.932,0.05080192488163843
2.936,0.07071488022973196
2.94,0.055610068257631394
2.944,0.04556128295732963
2.948,0.04676590074298197
2.952,0.025520678120783232
2.956,-0.0010575764598177544
2.96,0.021464353809025664
2.964,-0.009224430426309152
2.968,-0.004298881437969103
2.972,-0.01559759743135954
2.976,0.03007074461749437
2.98,-0.01452348527533595
2.984,0.019476505160041128
2.988,0.006991736236636443
2.992,-0.013353404483514698
2.996,0.012703201510018865
3.0,-0.03439485384762472
3.004,-0.0015713404714810556
3.008,0.0012415109925735166
3.012,0.026135204110377966
3.016,0.036845778946420785
3.02,-0.028455332290894687
3.024,0.020377870153576713
3.028,0.018545735073844997
3.032,0.011099678032984802
3.036,-0.036616635930114556
3.04,-0.012191333449364218
3.044,-0.016419770087067558
3.048,-0.005597547921442036
3.052,-0.04877714008766524
3.056,-0.0036272321676951574
3.06,0.0004301979591098808
3.064,0.022279660768912583
3.068,-0.020785173620114738
3.072,-0.019565554188413485
3.076,-0.035762593951973405
3.08,-0.01797477634323071
3.084,-0.02049038639640199
3.088,-0.021067510530894375
3.092,-0.04261118022696765
3.096,-0.03992272044239454
3.1,-0.031191188202961653
3.104,-0.011770844676281825
3.108,-0.06638865639895451
3.112,-0.047290047606263735
3.116,-0.026854144936947738
3.12,-0.031205073777879573
3.124,-0.032695553929994244
3.128,-0.008674545732233386
3.132,-0.04103527699060745
3.136,-0.07205756617173298
3.14,-0.06653030792736235
3.144,-0.04525536453538724
3.148,-0.04778697996738642
3.152,-0.050787176089195384
3.156,-0.05482076728858859
3.16,-0.038086069991185016
3.164,-0.03642454239675209
3.168,-0.021121344510170698
3.172,-0.035434138910717373
3.176,-0.05874179793913231
3.18,-0.05832817677338962
3.184,-0.047122090370373564
3.188,-0.014864744656205863
3.192,-0.04680412821423318
3.196,-0.04888568042123864
3.2,-0.061582610692159895
3.204,-0.0825059250748945
3.208,-0.0668828086579861
3.212,-0.01699742932909403
3.216,-0.027602062953460745
3.22,-0.053916628018474536
3.224,-0.021878170259627804
3.228,-0.06893959600884825
3.232,-0.07779554318579267
3.236,-0.07391272343426777
3.24,-0.07382596495454671
3.244,-0.09106764864129656
3.248,-0.06734113765090563
3.252,-0.07392329478226743
3.256,-0.07356604067510762
3.26,-0.07019459213117493
3.264,-0.05541661248647519
3.268,-0.07552042257915874
3.272,-0.03474095545657652
3.276,-0.08489233316706794
3.28,-0.07260888407118658
3.284,-0.0524102127357177
3.288,-0.05584509161307601
3.292,-0.04459269253085269
3.296,-0.07060547460473003
3.3,-0.08260229522827289
3.304,-0.04815713619553135
3.308,-0.04952944329936487
3.312,-0.08462128599615687
3.316,-0.1006969994557883
3.32,-0.11784280770992181
3.324,-0.08747113955414812
3.328,-0.04657595410247766
3.332,-0.060310038704259085
3.336,-0.10629784897381428
3.34,-0.08799071477659336
3.344,-0.04257269585800969
3.348,0.003396695884287853
3.352,-0.04998209071513929
3.356,-0.03460300270698715
3.36,-0.014755837511005053
3.364,-0.017875442718044848
3.368,-0.013787158788083159
3.372,-0.03337825406070847
3.376,-0.008726000983150118
3.38,-0.017538611694645233
3.384,-0.008707887532007652
3.388,-0.03066759783670371
3.392,0.024080497320921372
3.396,0.03487654330118109
3.4,0.029430523112928368
3.404,-0.005573325853331009
3.408,0.014930774659968922
3.412,-0.010054293573628045
3.416,-0.012006950267854475
3.42,-0.029550710605924027
3.424,-0.024687128956436842
3.428,-0.009150902811209161
3.432,-0.023849975679340666
3.436,0.0005373399129835117
3.44,-0.06139316374967218
3.444,-0.016539475971048163
3.448,-0.07892326496871592
3.452,-0.07444152876792982
3.456,-0.061078209732115
3.46,-0.22713432110286538
3.464,-0.24024909548920315
3.468,-0.25702251183378055
3.472,-0.1729636210573298
3.476,0.27342944414632775
3.48,0.6680902556504933
3.484,0.8022316944039385
3.488,0.583206158327721
3.492,0.2552232732035069
3.496,0.002172737453619155
3.5,-0.07245723118140746
3.504,-0.1078530390088133
3.508,-0.15288174325813395
3.512,-0.27704149208932627
3.516,-0.34106869732345274
3.52,-0.3211239903871457
3.524,-0.19283054405394162
3.528,-0.12653168345256696
3.532,-0.06839116744723417
3.536,-0.08079655220039152
3.54,-0.10708061261793489
3.544,-0.10085163917388854
3.548,-0.07442421316787061
3.552,-0.11260373170140894
3.556,-0.09138760152613233
3.56,-0.062219381972706336
3.564,-0.05840392651687306
3.568,-0.04451197930626442
3.572,-0.0189198261112927
3.576,-0.03769263043136071
3.58,0.016897053141588222
3.584,-0.009900395205754255
3.588,0.03478270797860118
3.592,0.014221661014580951
3.596,0.057194146894432106
3.6,0.08736034228181008
3.604,0.051823614335821076
3.608,0.10021667078519268
3.612,0.08478382712893578
3.616,0.12138999416286395
3.62,0.10424761798845439
3.624,0.1338919043255806
3.628,0.14628867361180561
3.632,0.10883356932397151
3.636,0.14233915369488837
3.64,0.17397466503159706
3.644,0.18008096974169163
3.648,0.1774663262966661
3.652,0.18109851612819172
3.656,0.18277265703712858
3.66,0.2102796333647371
3.664,0.24341694206201378
3.668,0.2058231384515486
3.672,0.23573274126287744
3.676,0.17337186010911212
3.68,0.18703335766815957
3.684,0.1914309749734426
3.688,0.16617088578191297
3.692,0.19961828338869744
3.696,0.1411531340041281
3.7,0.12295271830079052
3.704,0.1580466086697366
3.708,0.10221043551541178
3.712,0.1092475142537924
3.716,0.14325268844519365
3.72,0.08385086746646532
3.724,0.113159550887133
3.728,0.08068908502705072
3.732,0.08822935167988427
3.736,0.03241047966296547
3.74,0.031475895759028545
3.744,0.02098569294799724
3.748,0.021480014220242143
3.752,0.026229408290890068
3.756,0.011390364327315711
3.76,-0.007316424923340028
3.764,0.013134092229981619
3.768,-0.015277173283531346
3.772,-0.03777486373387154
3.776,-0.04356651361248206
3.78,-0.0039961868047850855
3.784,-0.0833346185852149
3.788,-0.02153751428256528
3.792,-0.05993329431221441
3.796,-0.04483725950473899
3.8,-0.04290446496586444
3.804,-0.04946362347575924
3.808,-0.07897995227325562
3.812,-0.06008955761972818
3.816,-0.07150023337052601
3.82,-0.050843776198534994
3.824,-0.037952317939982626
3.828,-0.06314237996878237
3.832,-0.04175641972263626
3.836,-0.009467571021244812
3.84,-0.030479184608299785
3.844,-0.06895789251619376
3.848,-0.047149389740029274
3.852,-0.030656391865278663
3.856,-0.02327990147036421
3.86,-0.027509380153141885
3.864,-0.07284557492868456
3.868,-0.037998398794965874
3.872,-0.0421063266114838
3.876,-0.059444098745753036
3.88,-0.026135916548765945
3.884,-0.03367311801630667
3.888,-0.03194906980265107
3.892,-0.036841365107593414
3.896,-0.011898099278846419
3.9,-0.050693377785217535
3.904,-0.001657462253088115
3.908,-0.05788644342237116
3.912,-0.03418590361505285
3.916,-0.024957792425638854
3.92,-0.0036340034882268845
3.924,0.007421492612602689
3.928,-0.04814018480279478
3.932,-0.0321098426822993
3.936,-0.014042710486296697
3.94,-0.013703184812650156
3.944,-0.014787864759876446
3.948,-0.016792816330516203
3.952,-0.013307253748749874
3.956,-0.014964334723893755
3.96,-0.03266178231231248
3.964,-0.030243637020950384
3.968,-0.01585163682977305
3.972,0.0016735706312399695
3.976,-0.0019087291033885667
3.98,0.02166784427450113
3.984,0.007380968318849927
3.988,0.018461061938871263
3.992,0.0139648901605154
3.996,0.010837749862657004
4.0,0.018221048474583317
4.004,-0.015277548062191343
4.008,-0.009228947180355343
4.012,0.006772518093413612
4.016,0.0028050105955084886
4.02,0.0054106860501243826
4.024,0.019339804980439076
4.028,-0.021725697192532603
4.032,-0.0057975692267983985
4.036,-0.009679491571543162
4.04,-0.003639097764941477
4.044,0.04047067291730049
4.048,0.023739365782484187
4.052,0.01163751553184607
4.056,0.013697915424629675
4.06,0.021554383090693855
4.064,-0.008687032948622603
4.068,-0.0017501715427202292
4.072,0.06363743318725285
4.076,0.028532749173452977
4.08,0.028257056185856937
4.084,0.006481491785689173
4.088,0.04118313876698251
4.092,0.0021955455398675896
4.096,0.020760513175553143
4.1,0.026158545660766225
4.104,0.022766752146472266
4.108,0.041472062854111966
4.112,0.021526173548573373
4.116,0.012907506010825421
4.12,0.02977097674558102
4.124,0.03283582892677571
4.128,0.04783506125864626
4.132,0.0307729432904125
4.136,0.05216354850758659
4.14,0.04437163204866858
4.144,0.04063984706971591
4.148,0.03585165188816093
4.152,0.03681885326719344
4.156,0.04833810068505659
4.16,0.08903774967799
4.164,0.042400950472224766
4.168,0.10332463410000783
4.172,0.07626364145278607
4.176,0.10774250368350848
4.18,0.09830604990884152
4.184,0.08684656519133159
4.188,0.09811740957262058
4.192,0.10335392305283626
4.196,0.10014488845617402
4.2,0.10730521166614507
4.204,0.12881499988147468
4.208,0.11581471736485438
4.212,0.12351394358819044
4.216,0.16827595634914705
4.22,0.13979290817697307
4.224,0.14715938710551577
4.228,0.1627532407260264
4.232,0.14757417387438745
4.236,0.16476916024053484
4.24,0.16664837020459403
4.244,0.11642245450729354
4.248,0.157025861569809
4.252,0.16575842371738372
4.256,0.14365421235865386
4.26,0.10376876217813534
4.264,0.15122960008405162
4.268,0.15530126305003764
4.272,0.14158418552563112
4.276,0.10243672807906484
4.28,0.08181507638475813
4.284,0.09153923062028761
4.288,0.06349561752934084
4.292,-0.03815638783028585
4.296,-0.07477541044265353
4.3,-0.12073112929319345
4.304,-0.07606290401019858
4.308,0.007160020445276915
4.312,0.733367358524318
4.316,0.9955757538949065
4.32,0.8778608463977274
4.324,0.5157919270127915
4.328,0.22300674335623574
4.332,0.12531207236753436
4.336,0.07246258844131201
4.34,-0.020199937082361133
4.344,-0.06738314637607237
4.348,-0.17604675198474942
4.352,-0.201996603087743
4.356,-0.08447908064921601
4.36,0.02657495833236973
4.364,0.07088303263652
4.368,0.10417169860473523
4.372,0.04118371189942613
4.376,0.09729302783308852
4.38,0.13762700329560373
4.384,0.11399097821100468
4.388,0.10573249293095206
4.392,0.08557945682895726
4.396,0.12779354827352693
4.4,0.11309437961524375
4.404,0.12302017102468538
4.408,0.1265123516548339
4.412,0.20448717335775657
4.416,0.15607312632365947
4.42,0.19739022837930972
4.424,0.20446821905890214
4.428,0.1960829974522302
4.432,0.18850285129547906
4.436,0.2385916198291708
4.44,0.2420014696462817
4.444,0.27031597644082406
4.448,0.24814087803303328
4.452,0.24307588153064255
4.456,0.2832831224162039
4.46,0.2897868307406626
4.464,0.35042465524724986
4.468,0.3204054620358677
4.472,0.3203827436252263
4.476,0.3424029108674971
4.48,0.35392253652184685
4.484,0.363443888424312
4.488,0.3397089326660668
4.492,0.336848705842603
4.496,0.3341148442768138
4.5,0.35254763023735236
4.504,0.36622509160674016
4.508,0.3753521585394349
4.512,0.3935720151030247
4.516,0.35182033307537103
4.52,0.33480310096068316
4.524,0.35449708898641985
4.528,0.3372988703171636
4.532,0.3475044097438077
4.536,0.3406036456115492
4.54,0.30885805840416997
4.544,0.3233427180946809
4.548,0.2899430352587187
4.552,0.25576151158514887
4.556,0.23964251202944417
4.56,0.24166217396236506
4.564,0.2341912689739274
4.568,0.2208587551031096
4.572,0.2355094764661207
4.576,0.20012319073820628
4.58,0.15371892081947217
4.584,0.16500209885517694
4.588,0.16418375448062256
4.592,0.13283384382435318
4.596,0.13021851756114372
4.6,0.12975833787323288
4.604,0.13075335633725518
4.608,0.09713796235436487
4.612,0.11512866507684655
4.616,0.12492857014700948
4.62,0.10003092398545288
4.624,0.07618210450231072
4.628,0.09037441564258136
4.632,0.05939682816556489
4.636,0.056147725236242105
4.64,0.07634163439334687
4.644,0.05698252212953197
4.648,0.05468475311252602
4.652,0.10767847155922973
4.656,0.07928511599968624
4.66,0.11365769914377313
4.664,0.09188122592666932
4.668,0.061139184070916695
4.672,0.10198076467728932
4.676,0.07422100250399191
4.68,0.08513716400833654
4.684,0.0400035484632531
4.688,0.057228427474142085
4.692,0.05807342103025858
4.696,0.03569081339145494
4.7,0.06850273752106233
4.704,0.12044839904525892
4.708,0.07406484851647563
4.712,0.061725804962876565
4.716,0.07204855618171085
4.72,0.0487794007395337
4.724,0.04846424885915202
4.728,0.06176652476478311
4.732,0.07536537774142792
4.736,0.05630244213238959
4.74,0.07837055597668326
4.744,0.09120639183535824
4.748,0.05970644857573538
4.752,0.02245101104972813
4.756,0.09223695647762066
4.76,0.04868808135937158
4.764,0.09726581834457938
4.768,0.0699610442559392
4.772,0.06774626110889732
4.776,0.07180998128241028
4.78,0.023523727832023944
4.784,0.06301164290625531
4.788,0.05746435186186696
4.792,0.07375803417522368
4.796,0.07022379169851313
4.8,0.050742599234177545
4.804,0.04452708739259455
4.808,0.05037427391080603
4.812,0.07502032464958672
4.816,0.00551212024528373
4.82,0.0374377760363995
4.824,0.0007290070216207752
4.828,0.03629038242204663
4.832,0.024644517533759687
4.836,0.03924469051240538
4.84,0.06524133678549483
4.844,0.008264690141248306
4.848,0.05632333558770012
4.852,0.030910037869301892
4.856,0.054142623656803945
4.86,0.04168245561464351
4.864,0.049680658968334936
4.868,0.043717187511057735
4.872,0.02508709822534754
4.876,0.043584684831635113
4.88,0.010322974797957435
4.884,0.022872387020196675
4.888,0.026412905549223455
4.892,0.03713476269746387
4.896,0.011081174408824116
4.9,0.015659453037031888
4.904,0.01752867628404141
4.908,-0.01361071429948807
4.912,0.051986037705767235
4.916,0.026310415379041514
4.92,0.0259223295010381
4.924,0.02432297554009094
4.928,0.026077941134067615
4.932,0.018185851173109516
4.936,0.06651825633488044
4.94,0.04264796547732632
4.944,0.006198546599974188
4.948,0.015028222737691856
4.952,-0.004956402205938862
4.956,0.007221021744499707
4.96,0.019262164372585117
4.964,0.01742643748469747
4.968,8.06399248124938e-05
4.972,-0.010979521486539811
4.976,-0.015802467322763438
4.98,0.001383246867391569
4.984,0.01810390724309417
4.988,-0.010020821785103612
4.992,0.011158738249781289
4.996,-0.012125497586323855
5.0,0.001117366841909432
5.004,0.010706076716853046
5.008,0.009699242386282331
5.012,0.04536993593845115
5.016,0.026553227754835748
5.02,0.04165669751651774
5.024,0.054091030455660105
5.028,0.02499011981051352
5.032,0.08315971564978673
5.036,0.08620265898183788
5.04,0.06163633280197721
5.044,0.0554068955830483
5.048,0.05746876815716028
5.052,0.0753862847815195
5.056,0.06924489752940623
5.06,0.06150603057299745
5.064,0.07059653066143128
5.068,0.06221772025191013
5.072,0.06019272300414565
5.076,0.054274651223636686
5.08,0.08826065036134655
5.084,0.07684440288337996
5.088,0.049792619524604995
5.092,0.04614573314292614
5.096,0.04354989408823192
5.1,0.045024141449307595
5.104,-0.003531127637870554
5.108,0.010480613423782531
5.112,-0.0006205241510388917
5.116,-0.0001915709101353197
5.12,-0.0012497860811773824
5.124,-0.016500790404046915
5.128,-0.18108116937415955
5.132,-0.22233825921225744
5.136,-0.17730500864770402
5.14,-0.1278125017062801
5.144,0.48901987050304796
5.148,0.8148184668912264
5.152,0.8148779098316254
5.156,0.4773537059929383
5.16,0.15848854819109945
5.164,0.01066301993473845
5.168,-0.052948975274874625
5.172,-0.0788387068014112
5.176,-0.1459437591379079
5.18,-0.2708875967491846
5.184,-0.2774982263983476
5.188,-0.21968388493971078
5.192,-0.16531221192394124
5.196,-0.09872958120569006
5.2,-0.06014522670195249
5.204,-0.02075388219599258
5.208,-0.06323209159538631
5.212,-0.058859838431505954
5.216,-0.053739162855182654
5.22,-0.04262198322222717
5.224,-0.02366443011973898
5.228,-0.002276387676993499
5.232,-0.019512596135647552
5.236,-0.014556023559046824
5.24,0.008730264880292209
5.244,0.0015602150316088403
5.248,0.00761920269996064
5.252,0.03822800592395652
5.256,0.023083884667165905
5.26,0.040831299034179515
5.264,0.08178427259948123
5.268,0.06080591765777344
5.272,0.06183576006585817
5.276,0.11481570722181487
5.28,0.11975115071552239
5.284,0.14518762423665618
5.288,0.12014724993248528
5.292,0.13516529765775692
5.296,0.1538549785158925
5.3,0.15761152627891156
5.304,0.1568900544534169
5.308,0.188450955850094
5.312,0.20202816501666027
5.316,0.18617890346506988
5.32,0.17142048181244293
5.324,0.16852953357850825
5.328,0.15536492813935274
5.332,0.20610902230818354
5.336,0.1772548439029073
5.34,0.20058965374739376
5.344,0.20910512743188958
5.348,0.18216027884905156
5.352,0.18559797608996445
5.356,0.16762434391945893
5.36,0.13311816667090437
5.364,0.15121989181494683
5.368,0.15454856031947245
5.372,0.15903245530950907
5.376,0.1041367184949838
5.38,0.13309451038786094
5.384,0.06753481603299255
5.388,0.08735051977605025
5.392,0.0636099636631575
5.396,0.007669985332084186
5.4,0.0507693498996324
5.404,0.04097449839464674
5.408,0.02278392928965924
5.412,0.045972303727005205
5.416,-0.01881101097793255
5.42,0.011027408609922485
5.424,-0.039860864052946914
5.428,-0.018033373816023254
5.432,-0.035689012092010954
5.436,-0.03325190200687463
5.44,-0.028030413595532565
5.444,-0.07384596729307637
5.448,-0.07823564825014602
5.452,-0.08348259706422491
5.456,-0.1123570369234012
5.46,-0.12310962421825125
5.464,-0.11857703956518519
5.468,-0.08646995114427097
5.472,-0.09908255436413324
5.476,-0.08915349965215957
5.48,-0.09096080290935032
5.484,-0.04778726528828106
5.488,-0.08476914871700855
5.492,-0.08922587590275183
5.496,-0.06107523849342529
5.5,-0.07266243767861569
5.504,-0.08654149993052061
5.508,-0.11701059809186289
5.512,-0.04747923124459557
5.516,-0.09288877263701997
5.52,-0.09204962264784604
5.524,-0.10674080435222137
5.528,-0.09724145823993413
5.532,-0.10372306683155307
5.536,-0.08567932083737076
5.54,-0.07742575515586267
5.544,-0.069260705214665
5.548,-0.10763159358604071
5.552,-0.12483903029822106
5.556,-0.1082233277670587
5.56,-0.07815611113219752
5.564,-0.09753471973414937
5.568,-0.09360801226745265
5.572,-0.10504256474572658
5.576,-0.09149233294676619
5.58,-0.06455735281413261
5.584,-0.10133118559642067
5.588,-0.10505320528635717
5.592,-0.09364892368563436
5.596,-0.06351154937307427
5.6,-0.07057120076570263
5.604,-0.09029959366624354
5.608,-0.06818668617890492
5.612,-0.05734144838473255
5.616,-0.12214617649258022
5.62,-0.12313629910738157
5.624,-0.0944745850679969
5.628,-0.09061563757696385
5.632,-0.09267269468447695
5.636,-0.08312847609889992
5.64,-0.10323676202897447
5.644,-0.11431136674669806
5.648,-0.0868919291776571
5.652,-0.07150625058455364
5.656,-0.08091957675381822
5.66,-0.09995397011616867
5.664,-0.08000205803507178
5.668,-0.07507401771988659
5.672,-0.07847728754992889
5.676,-0.0659199960196668
5.68,-0.0984767065385786
5.684,-0.09162685997935023
5.688,-0.13637894191024266
5.692,-0.08918635646906295
5.696,-0.07652728388917238
5.7,-0.05093511252850399
5.704,-0.07215106028223942
5.708,-0.1048342851904654
5.712,-0.06479389153308993
5.716,-0.07556188513928849
5.72,-0.03364453535421131
5.724,-0.06693214036628385
5.728,-0.07192088207162656
5.732,-0.05879204111832665
5.736,-0.03150603833506189
5.74,-0.08386775544623447
5.744,-0.07916436659135034
5.748,-0.09517853444503306
5.752,-0.06086135112472558
5.756,-0.029740201825204055
5.76,-0.057004421992313245
5.764,-0.07399200863165885
5.768,-0.0751042909750768
5.772,-0.05650767866971999
5.776,-0.054815849378342156
5.78,-0.03305350037892705
5.784,-0.08362721412401934
5.788,-0.0556650633101372
5.792,-0.048214250292167596
5.796,-0.031850965395970404
5.8,-0.06785792502623798
5.804,-0.08684886596508791
5.808,-0.052464340578124845
5.812,-0.04268931744558316
5.816,-0.06206719116326797
5.82,-0.06001296186096301
5.824,-0.021830885329940493
5.828,-0.03214737390747254
5.832,-0.039712881910683166
5.836,-0.05084253658164467
5.84,-0.01238133890631711
5.844,-0.042740011031910705
5.848,-0.037653141150001256
5.852,-0.011211448737975896
5.856,0.00369969672536233
5.86,0.007992869467332709
5.864,0.01421423620875488
5.868,0.05675938214092847
5.872,0.031413434524549436
5.876,0.07520988947544965
5.88,0.030179097496703305
5.884,0.06396642185941538
5.888,0.07743852553907851
5.892,0.04700225645665186
5.896,0.06633206695761894
5.9,0.10459947322501949
5.904,0.0672349871207448
5.908,0.0416433842315622
5.912,0.048651331995277734
5.916,0.03994424519184405
5.92,0.0600275913951699
5.924,0.038905902122264704
5.928,0.05575980348937565
5.932,0.039929525952978044
5.936,0.04459154958724587
5.94,0.020704881348684465
5.944,0.020536483873955774
5.948,0.0005317752841376465
5.952,-0.014124637047497897
5.956,-0.0190738468405922
5.96,-0.08986189203346943
5.964,-0.18233571920846584
5.968,-0.21285160748275023
5.972,-0.12495375167579488
5.976,0.39693330507526986
5.98,0.7531432194089975
5.984,0.8891162142468951
5.988,0.633247850574286
5.992,0.27796409143357753
5.996,0.12981981868005535
6.0,0.04478073580031926
6.004,-0.05479519633879398
6.008,-0.0986210799837261
6.012,-0.16881551998109878
6.016,-0.30351277780752994
6.02,-0.2461452317647452
6.024,-0.10758813857980719
6.028,0.0065180590011856155
6.032,0.007978182823176501
6.036,0.008222487977203128
6.04,0.035670046908094444
6.044,-0.006982130188610539
6.048,0.004416904755298795
6.052,0.034167249613189905
6.056,0.03987912803498286
6.06,0.04480726627252236
6.064,0.06137024588938603
6.068,0.08768795527171484
6.072,0.09035078610733396
6.076,0.08884845456071354
6.08,0.08900042294049498
6.084,0.14078127008406147
6.088,0.1137577713055122
6.092,0.11347303920552301
6.096,0.17235213174809433
6.1,0.15657757690494456
6.104,0.17751989635714593
6.108,0.1578392407186761
6.112,0.2208180460789204
6.116,0.2013301995985848
6.12,0.22821495670034464
6.124,0.26045976385951564
6.128,0.2474447961720672
6.132,0.27291930087840144
6.136,0.2807108368678469
6.14,0.2836760947527797
6.144,0.3042727486956515
6.148,0.279558512443846
6.152,0.2752233150012246
6.156,0.29739530268844844
6.16,0.29033081361007973
6.164,0.3336368170634083
6.168,0.2883683416389273
6.172,0.29074199588996164
6.176,0.30224708970976005
6.18,0.3146207410619785
6.184,0.31036997151895696
6.188,0.3290476519017907
6.192,0.299684617400878
6.196,0.27397827637145783
6.2,0.2724336324708213
6.204,0.3179764282870276
6.208,0.2956078158330759
6.212,0.2276154992218751
6.216,0.27151661460211496
6.22,0.22825288252050027
6.224,0.23619362828195412
6.228,0.238527103800059
6.232,0.20717361714685634
6.236,0.16074239682948024
6.24,0.18347800387845603
6.244,0.15279951633405217
6.248,0.144980921131372
6.252,0.15999653074985748
6.256,0.1465284910874926
6.26,0.1216584307815307
6.264,0.10222800565523811
6.268,0.09891502789932552
6.272,0.10403787851301187
6.276,0.0755425556300377
6.28,0.07318028262440265
6.284,0.054505161493949135
6.288,0.07827100517073236
6.292,0.056717505036297106
6.296,0.058627868989474564
6.3,0.07083965301390081
6.304,0.0881263020047423
6.308,0.09074291400285774
6.312,0.07886545064036415
6.316,0.07781049749475083
6.32,0.1036409431006043
6.324,0.07969128199579821
6.328,0.10581920981957145
6.332,0.07804203231494189
6.336,0.05276230957401255
6.34,0.09839944183741559
6.344,0.07390750613879965
6.348,0.10059056234114003
6.352,0.04329840940558222
6.356,0.07343060673515209
6.36,0.06678941317592221
6.364,0.06211793858856847
6.368,0.07072446179490118
6.372,0.050112334589415095
6.376,0.08103173269991311
6.38,0.08282787528533049
6.384,0.07228515289358886
6.388,0.07980658768650888
6.392,0.10039185967446185
6.396,0.07860506675217153
6.4,0.08090117271716912
6.404,0.08879328932698967
6.408,0.05367164855827276
6.412,0.08351101894664037
6.416,0.06601118548100514
6.42,0.07916631052555217
6.424,0.12249025960796825
6.428,0.099256902390659
6.432,0.05609515407403537
6.436,0.07523276467452245
6.44,0.11435421668312405
6.444,0.10005280254874718
6.448,0.09817993505568892
6.452,0.05381970200988283
6.456,0.08007253338085953
6.46,0.07074709089029463
6.464,0.08431990424355912
6.468,0.08226627433242541
6.472,0.09134472665055049
6.476,0.07658454753798072
6.48,0.10465096242238695
6.484,0.10716108656523383
6.488,0.07858899926959488
6.492,0.07353669032165057
6.496,0.09139897271500141
6.5,0.08364284862351196
6.504,0.09787196371656788
6.508,0.11734697192280535
6.512,0.10039981609510701
6.516,0.08943724876440777
6.52,0.11634275750166707
6.524,0.07573448250687047
6.528,0.0684480579086048
6.532,0.12388943279199041
6.536,0.11123418262787153
6.54,0.10339802714993372
6.544,0.09110462030460943
6.548,0.0993176002839199
6.552,0.097159803439287
6.556,0.07825071363118759
6.56,0.0870773309306394
6.564,0.0806256204281075
6.568,0.07213524118450854
6.572,0.09313617319098727
6.576,0.09840982188086052
6.58,0.07217400280560446
6.584,0.09323783608337054
6.588,0.10002292818007755
6.592,0.09549744637392167
6.596,0.11879810818926109
6.6,0.07919316230223256
6.604,0.055045103887445726
6.608,0.09445807094898577
6.612,0.08845250390197136
6.616,0.10118524993025656
6.62,0.08667768608896093
6.624,0.09976271968696897
6.628,0.07073145359475541
6.632,0.07415936443438051
6.636,0.09008003150968799
6.64,0.0807482512618844
6.644,0.0983349754710302
6.648,0.04186752267097828
6.652,0.07963544630602075
6.656,0.04125738834434824
6.66,0.05200664841038708
6.664,0.054846334952784424
6.668,0.0920242632272184
6.672,0.09545526155321543
6.676,0.1012267352958721
6.68,0.1259679980372331
6.684,0.06560885478732129
6.688,0.12282919270250048
6.692,0.17311936753220267
6.696,0.17290451505880652
6.7,0.13249649635514935
6.704,0.14663961352339175
6.708,0.17562602239394004
6.712,0.1672581772052836
6.716,0.1793975891489037
6.72,0.18384530243627747
6.724,0.14835011511213003
6.728,0.14043652330590334
6.732,0.1624521553024804
6.736,0.1609778703645769
6.74,0.12105653842481208
6.744,0.14799197564310398
6.748,0.11916398230179169
6.752,0.12630605675023854
6.756,0.13211317719539525
6.76,0.1259293454445246
6.764,0.1125866991116704
6.768,0.1359554469179873
6.772,0.10786018832540369
6.776,0.10472824090439072
6.78,0.07887705510455445
6.784,0.029646314102085687
6.788,0.05063858905484954
6.792,-0.00971111823228625
6.796,-0.07309893879886864
6.8,-0.10177314674181354
6.804,-0.08576133578211194
6.808,-0.03133503359865284
6.812,0.71260916192547
6.816,0.9411290415646316
6.82,0.7955946464673689
6.824,0.49578041407369605
6.828,0.1702564854233411
6.832,0.09023023505172612
6.836,0.03878503060045386
6.84,-0.01035570007292945
6.844,-0.140370778157061
6.848,-0.2073923784554577
6.852,-0.19761470280918808
6.856,-0.10675774457350082
6.86,-0.017243301968526945
6.864,0.04403683731432952
6.868,0.0683579053479059
6.872,0.03775947653821639
6.876,0.029675472019102103
6.88,0.0673978139828615
6.884,0.03169276941820464
6.888,0.03617086364200423
6.892,0.05249562305677111
6.896,0.04082980064902531
6.9,0.07415066252281677
6.904,0.05744640792648729
6.908,0.07981699402993853
6.912,0.10797180750265443
6.916,0.12252445689574198
6.92,0.1436219002474215
6.924,0.1311466799683472
6.928,0.1256791563204678
6.932,0.16055192843597318
6.936,0.15642157479601623
6.94,0.1654583020105372
6.944,0.19230694323977487
6.948,0.1789031851437542
6.952,0.2045928267396249
6.956,0.22283634106086195
6.96,0.2289397199955504
6.964,0.25081558806779064
6.968,0.2457356793424572
6.972,0.24575401678458544
6.976,0.2731716648283275
6.98,0.2847983017076178
6.984,0.26863554196951994
6.988,0.2817112535709125
6.992,0.2860569561411962
6.996,0.2683043493155958
7.0,0.27697472008796004
7.004,0.26253740698299005
7.008,0.3021236120624334
7.012,0.26141050139518046
7.016,0.22473142461026377
7.02,0.24423236151400973
7.024,0.2574490865138404
7.028,0.24231139554733996
7.032,0.22319039251625225
7.036,0.2086183302972398
7.04,0.19079544782594596
7.044,0.17599318798693536
7.048,0.20363020473987314
7.052,0.15194140132121609
7.056,0.17586443907703825
7.06,0.15508204470512216
7.064,0.1192887205361509
7.068,0.117199115627117
7.072,0.10897854503159271
7.076,0.10432279254028974
7.08,0.07412218582888729
7.084,0.06815975195267242
7.088,0.04860784720236549
7.092,0.056209370869627726
7.096,0.02180444258834388
7.1,0.0010873412317114702
7.104,0.024683116281296043
7.108,0.005904388123760573
7.112,-0.02349772084410736
7.116,-0.04579925554072616
7.12,-0.020340378262488183
7.124,-0.04462263519169985
7.128,-0.037724787472131614
7.132,-0.03522695232880709
7.136,-0.041734325736545085
7.14,-0.049608104976840824
7.144,-0.03246159464868289
7.148,-0.03760530542501711
7.152,-0.05528310591708609
7.156,-0.020544255938661722
7.16,-0.06183544925324041
7.164,-0.05031999085653156
7.168,-0.06466357965261928
7.172,-0.04821918916339945
7.176,-0.0580417784199255
7.18,-0.021258997239364898
7.184,-0.0455551329571476
7.188,-0.04777839685168715
7.192,-0.03614432060803083
7.196,-0.06281017756594134
7.2,-0.08530827523122005
7.204,-0.037493286683246335
7.208,-0.050459521497531086
7.212,-0.05951756631792333
7.216,-0.041508796306483436
7.22,-0.09150850907558924
7.224,-0.05090158148649384
7.228,-0.0791631712534028
7.232,-0.054637549210435295
7.236,-0.07884108256666503
7.24,-0.041008991661493015
7.244,-0.05898090578224504
7.248,-0.07883418717011136
7.252,-0.08586227390556768
7.256,-0.06515860140050045
7.26,-0.0725000035919061
7.264,-0.06488528107420462
7.268,-0.04724004404090988
7.272,-0.07710377844460087
7.276,-0.07438812025546826
7.28,-0.0789327702840314
7.284,-0.10227081712676732
7.288,-0.07925267316719928
7.292,-0.10192968398747601
7.296,-0.03352348819663368
7.3,-0.0924576653475678
7.304,-0.06480457207040181
7.308,-0.04330760145220894
7.312,-0.0581819807871707
7.316,-0.06298545240079496
7.32,-0.07909108380103151
7.324,-0.08750256080542712
7.328,-0.0822504393033732
7.332,-0.0703192100923489
7.336,-0.08438119436940376
7.34,-0.05683712414594442
7.344,-0.08052368818741389
7.348,-0.09974146733746622
7.352,-0.08309293855574519
7.356,-0.03547292076499055
7.36,-0.076020310062107
7.364,-0.06991490239095956
7.368,-0.08973596561096917
7.372,-0.08538362898015515
7.376,-0.0710003230540103
7.38,-0.08598684645242952
7.384,-0.08803864180660666
7.388,-0.09786518721238802
7.392,-0.06684467641372153
7.396,-0.10000899422682041
7.4,-0.08808655273977013
7.404,-0.10263580379977694
7.408,-0.09506293179155871
7.412,-0.07358314670776143
7.416,-0.026316685771836466
7.42,-0.10045554524747252
7.424,-0.11552940406505031
7.428,-0.08826181977793301
7.432,-0.08803933300794674
7.436,-0.08741340051118252
7.44,-0.10677300746590287
7.444,-0.10708405937890687
7.448,-0.08360957449302447
7.452,-0.10071650432931631
7.456,-0.09039550574444426
7.46,-0.10327169409909928
7.464,-0.08219541924080909
7.468,-0.07684290838042251
7.472,-0.1341711136414346
7.476,-0.0944951606618058
7.48,-0.08787023084587012
7.484,-0.11069122960116597
7.488,-0.13293228465743157
7.492,-0.05973428977003241
7.496,-0.07274628745280519
7.5,-0.07220561396250108
7.504,-0.07265770544389347
7.508,-0.07508688268706264
7.512,-0.0692598197504184
7.516,-0.09551799705476056
7.52,-0.06698155272955254
7.524,0.007536261905165688
7.528,-0.06871721218588699
7.532,-0.03512428498699441
7.536,0.024102264282214465
7.54,-0.052810730985016756
7.544,-0.007661864453753573
7.548,0.013280044220244756
7.552,-0.004648424254614511
7.556,0.0009891769735284564
7.56,0.03189669748765063
7.564,0.018036359514713905
7.568,0.035078607498270915
7.572,0.014070543079416579
7.576,-0.009432354068233532
7.58,-0.023482329907883823
7.584,0.01788786230377007
7.588,-0.019935978922769854
7.592,-0.010297427815481366
7.596,-0.027587682036039878
7.6,-0.006483606068812038
7.604,-0.050001958508060634
7.608,-0.028545873794775137
7.612,-0.06259865301898052
7.616,-0.05264256001163508
7.62,-0.034524803307491025
7.624,-0.09368411846412773
7.628,-0.1808693287844999
7.632,-0.2660595757669089
7.636,-0.22816755976534175
7.64,-0.19815661976597307
7.644,0.47340550690714606
7.648,0.7673250302820332
7.652,0.7435468132689182
7.656,0.47000854910728324
7.66,0.1502418501542669
7.664,-0.049400539382199564
7.668,-0.07950649460071742
7.672,-0.15943550616405022
7.676,-0.17762747247724725
7.68,-0.31399202830394873
7.684,-0.36322980313296555
7.688,-0.2606445689789677
7.692,-0.14366068055993372
7.696,-0.10297564686668675
7.7,-0.06456274035505756
7.704,-0.1084819459742309
7.708,-0.07089823821734056
7.712,-0.03919646356894166
7.716,-0.04530691115210087
7.72,-0.03222748968469137
7.724,-0.047609932574001645
7.728,-0.02824608661270603
7.732,0.0038079934683824517
7.736,-0.00730719333804867
7.74,0.011088900653694824
7.744,0.016508049452574763
7.748,0.0024951041381809456
7.752,0.03286722101640839
7.756,0.025459111637416282
7.76,0.0731500640633038
7.764,0.061589824066783726
7.768,0.08768423461157511
7.772,0.10265386624580895
7.776,0.07023751925642666
7.78,0.08797755354296002
7.784,0.13108647336939722
7.788,0.1542736311052928
7.792,0.15330894113696764
7.796,0.17320874878367107
7.8,0.17430632747294236
7.804,0.18298534430794586
7.808,0.19296108617398589
7.812,0.21836440835794294
7.816,0.19893155762481832
7.82,0.175563397782985
7.824,0.22121867090432698
7.828,0.21301430551932424
7.832,0.24344096190858128
7.836,0.2596269785911159
7.84,0.20752986092571055
7.844,0.19998383713283718
7.848,0.20737791194750418
7.852,0.20625948952629344
7.856,0.21237738333716377
7.86,0.18414822375689477
7.864,0.19004913555101174
7.868,0.1940371813577404
7.872,0.1758114382904428
7.876,0.1548346255779068
7.88,0.1459478135955582
7.884,0.14410895425030196
7.888,0.1590981760191963
7.892,0.10150590988118667
7.896,0.13073258836760018
7.9,0.11409005180755084
7.904,0.07003200211216211
7.908,0.0711298284330156
7.912,0.06849690709037821
7.916,0.041076343939555
7.92,0.08944389529800659
7.924,0.0670625286744088
7.928,0.045821237621596844
7.932,0.047552457561476344
7.936,0.01069685024688406
7.94,0.004011603989277249
7.944,0.03261260984771774
7.948,-0.0034683224954495007
7.952,-0.024298394270005023
7.956,-0.006066092006540287
7.96,-0.0025060484224728933
7.964,-0.030279954444788502
7.968,-0.0016892734611699696
7.972,-0.03989954116551304
7.976,-0.03264626492889124
7.98,-0.003792981094008274
7.984,-0.03260899045019526
7.988,-0.036556747498820166
7.992,0.0003818604402100132
7.996,-0.005593881650530204
8.0,-0.003700220113298946
8.004,-0.018178754078244107
8.008,0.046293250273861615
8.012,0.011452152789299177
8.016,0.008180777968059832
8.02,0.01322568557395468
8.024,-0.02029074071090224
8.028,0.033197708984319896
8.032,0.014363654773044595
8.036,0.039318648107949564
8.04,0.00208878994484097
8.044,0.0003801238791908721
8.048,0.044705763937113514
8.052,-0.00888283262410578
8.056,0.04387521591476913
8.06,0.03724834782192712
8.064,0.01069563491626232
8.068,0.0474618707156347
8.072,0.03576626089564588
8.076,0.024438496389156128
8.08,0.011133877326537336
8.084,-0.012420608232945754
8.088,0.03284880355874103
8.092,0.010930811462025649
8.096,0.04046678590451382
8.1,-0.01187290086183509
8.104,0.01151845249510061
8.108,0.02551988273098773
8.112,0.03544595872009239
8.116,-0.006916940194097811
8.12,0.03036412396146346
8.124,0.016712116140170617
8.128,0.023525719616288125
8.132,-0.01137892911545118
8.136,0.04888478127095993
8.14,0.037327421549371555
8.144,0.03182109924756878
8.148,0.06217904388200465
8.152,0.02689647245530736
8.156,0.0390454533455054
8.16,0.028631942855523864
8.164,0.02564616842316108
8.168,0.0207502387784489
8.172,0.02522803088677611
8.176,0.033330455763718556
8.18,0.06806039731840917
8.184,0.05665639778720387
8.188,0.06364683956488607
8.192,0.050685783479318
8.196,0.03674896684725544
8.2,0.06152749733428717
8.204,0.07740282628980695
8.208,0.07191784096840502
8.212,0.03282378202723632
8.216,0.06720746050016642
8.22,0.05309625992873878
8.224,0.06546989569998492
8.228,0.03983399404159754
8.232,0.06729732005445875
8.236,0.048779409104039245
8.24,0.09097247418106746
8.244,0.0509982936764332
8.248,0.07044920093377074
8.252,0.06325079290069634
8.256,0.07274018009942289
8.26,0.06207959967230934
8.264,0.07152828093252908
8.268,0.06945344662529761
8.272,0.0903530831110836
8.276,0.050429845899251625
8.28,0.057435850265966204
8.284,0.04537838331022886
8.288,0.10503833057642692
8.292,0.06296115087418445
8.296,0.10109731787981854
8.3,0.05304439754408153
8.304,0.04605645800465666
8.308,0.0853463896853759
8.312,0.06577108678640792
8.316,0.07848608309766995
8.32,0.06409910120473743
8.324,0.07622095320251598
8.328,0.08847087281648744
8.332,0.10944911088955488
8.336,0.11321445519031216
8.34,0.07729629874572483
8.344,0.08099207616464817
8.348,0.11615282925012885
8.352,0.12624743244724274
8.356,0.128032799307006
8.36,0.13783021294963707
8.364,0.14494831119557783
8.368,0.1367356034437931
8.372,0.16485698178428743
8.376,0.16156475703826512
8.38,0.19517261413173223
8.384,0.14999646245308565
8.388,0.16805830615355608
8.392,0.16457783066968046
8.396,0.19941464297113953
8.4,0.1742812101601484
8.404,0.16999813902094998
8.408,0.16051036755759132
8.412,0.17756709554226943
8.416,0.15526572556997126
8.42,0.15546290721372386
8.424,0.12430591356086199
8.428,0.16338678696335085
8.432,0.13717772204148548
8.436,0.1258844209623551
8.44,0.13368437639623165
8.444,0.12085618599332473
8.448,0.10506369998996609
8.452,0.08422925303414884
8.456,0.08666552964136363
8.46,-0.006473722397116155
8.464,-0.08936569866426966
8.468,-0.09305319297365712
8.472,-0.0352757086756722
8.476,0.46156183958369307
8.48,0.8593909639502204
8.484,1.0
8.488,0.7668101939244437
8.492,0.39781111779609735
8.496,0.1776690249728876
8.5,0.11572803712647238
8.504,0.06722432686570458
8.508,0.04893574441990464
8.512,-0.08966316177268573
8.516,-0.17009350035744028
8.52,-0.14609901147360896
8.524,0.016131828589306296
8.528,0.007515314243058634
8.532,0.0924581366989352
8.536,0.08039352816799285
8.54,0.0854373812051599
8.544,0.08992152275841316
8.548,0.11015878603452854
8.552,0.11205133215786627
8.556,0.13875339284150592
8.56,0.09666287131225962
8.564,0.12246352348510929
8.568,0.14210453221772795
8.572,0.15480041030839412
8.576,0.16138574215746837
8.58,0.13144753706013335
8.584,0.17088312735716105
8.588,0.21590903780070322
8.592,0.2083900920888567
8.596,0.1885529127069164
8.6,0.19995106661782558
8.604,0.21871780133680666
8.608,0.2552846235392288
8.612,0.26105744325130165
8.616,0.2484334415199163
8.62,0.263696772588793
8.624,0.3073964905263606
8.628,0.29611960532486614
8.632,0.31628112892479965
8.636,0.2894066702819876
8.64,0.3542338748675531
8.644,0.33872057394059457
8.648,0.31990821685725956
8.652,0.30838939887142713
8.656,0.33846393938565217
8.66,0.34677297906733084
8.664,0.37630722924921794
8.668,0.3609275181398604
8.672,0.3550277267733053
8.676,0.3270556029731612
8.68,0.32967142709097463
8.684,0.3237385788183471
8.688,0.34376952041416253
8.692,0.29362283439665243
8.696,0.32552317854167356
8.7,0.3216461491844755
8.704,0.30905699351323906
8.708,0.29886484816082637
8.712,0.2690675528273629
8.716,0.23016513994321142
8.72,0.24252524583657012
8.724,0.2633058551677228
8.728,0.22047499984748922
8.732,0.23801573425544223
8.736,0.1795340577653861
8.74,0.18720070606421102
8.744,0.1758799326877591
8.748,0.13720934780115984
8.752,0.14863824639410644
8.756,0.1125386541543958
8.76,0.13910776428288418
8.764,0.09191845310225581
8.768,0.10815101595559112
8.772,0.10074903917102064
8.776,0.057878507064361116
8.78,0.10133585361138246
8.784,0.06558579166873414
8.788,0.050926499099957306
8.792,0.05683296184554376
8.796,0.08682758933143399
8.8,0.030470330396495306
8.804,0.05085813086494828
8.808,0.05487076103233543
8.812,0.03911296903177912
8.816,0.027677575880512513
8.82,0.022380984303729097
8.824,0.0927435988174015
8.828,0.07626215373437162
8.832,0.05908167923953763
8.836,0.03539750851780879
8.84,0.02729112267457894
8.844,0.033611746084768766
8.848,0.05414934915288538
8.852,0.033693542704130885
8.856,-0.0021497459130917105
8.86,0.05285992168156358
8.864,0.032154826256266006
8.868,0.03248392042424112
8.872,0.036368456761746416
8.876,0.055041312320772244
8.88,0.0378242099078044
8.884,0.0777375523281656
8.888,0.017722395830345745
8.892,0.03959117313655456
8.896,0.04133251262573975
8.9,0.007245100738238154
8.904,-0.012663141400020256
8.908,0.03398180351765461
8.912,0.015094604137240439
8.916,0.05150446139997309
8.92,0.013764666768546043
8.924,-0.00024966154520004535
8.928,0.0011725646841773609
8.932,0.025359496411315574
8.936,-0.00960938660240984
8.94,-0.002158070865642045
8.944,0.034596679655842774
8.948,0.015591212388451653
8.952,0.0037687437477317465
8.956,0.024586686814255288
8.96,0.03280365338391697
8.964,-0.03108048459427962
8.968,0.01940296607903796
8.972,0.005225673213582647
8.976,-0.010929568091906832
8.98,0.015696805839797157
8.984,0.0021105855584240257
8.988,0.00018224575739412985
8.992,-0.014799206830424424
8.996,-0.04544088577496723
9.0,-0.03752449848673291
9.004,0.005177381180377295
9.008,0.013859197892362979
9.012,0.0028417575622409217
9.016,0.003690509679908432
9.02,-0.0005936929072427214
9.024,-0.04386065411949199
9.028,-0.004093481669764778
9.032,-0.01967825895864968
9.036,-0.03820084970457092
9.04,-0.006098302638281241
9.044,0.005192855186849768
9.048,0.00599180758535109
9.052,-0.010237174232106202
9.056,0.0015810293339258389
9.06,-0.023556982974867934
9.064,-0.026092489685055172
9.068,-0.015544993073802884
9.072,-0.026204269593702523
9.076,-0.010575031770460376
9.08,-0.006433511051333979
9.084,-0.04490059626736288
9.088,-0.05140732682717476
9.092,-0.03381834376105215
9.096,-0.043955289197564716
9.1,-0.028347491151457373
9.104,-0.03745127613721043
9.108,-0.06070553586208926
9.112,-0.04316815595605164
9.116,-0.03703734771870255
9.12,-0.013367597548832605
9.124,-0.02793064965667494
9.128,-0.03677677777521048
9.132,-0.038205587672916944
9.136,-0.06139815534269031
9.14,-0.02501782387726926
9.144,-0.03164644504907756
9.148,-0.02817301852279237
9.152,-0.025043560832178742
9.156,-0.014674157599390836
9.16,-0.05042109344468904
9.164,-0.04388072778532058
9.168,-0.04817783906849711
9.172,-0.034800866601883994
9.176,-0.038005917184373246
9.18,-0.023824952007251626
9.184,0.025490806179142383
9.188,0.01768690920008351
9.192,-0.013111074033296524
9.196,0.0006170179209473834
9.2,-2.381296751191349e-06
9.204,0.028361766569104836
9.208,0.021822484306512856
9.212,0.02184872589887601
9.216,0.007607117156314265
9.22,0.016798163217709404
9.224,0.056505979158174346
9.228,0.019411567251350986
9.232,0.04221972058439262
9.236,0.020105949532961218
9.24,-0.016301229152933677
9.244,0.019900317290979404
9.248,0.012763163205115374
9.252,0.0377357284680109
9.256,0.013175767099235904
9.26,0.016655429700728936
9.264,-0.010951816182328763
9.268,-0.011193338617493664
9.272,-0.007947104527310293
9.276,-0.038633421965262565
9.28,-0.009757704002222149
9.284,-0.05219678091176397
9.288,-0.08076211654601324
9.292,-0.12580117595148615
9.296,-0.2371368007688127
9.3,-0.2692794375841781
9.304,-0.2401708364056991
9.308,-0.17723590011966353
9.312,0.5481086991262336
9.316,0.8312985707884981
9.32,0.6518416643358991
9.324,0.3349371460442855
9.328,0.08102666792565223
9.332,-0.0286567154763105
9.336,-0.08675772226463078
9.34,-0.1486434422445466
9.344,-0.23830016344984845
9.348,-0.35714608898591366
9.352,-0.34426612184095456
9.356,-0.2563811617453752
9.36,-0.14160498119993123
9.364,-0.09195646710530725
9.368,-0.1099880366076543
9.372,-0.07511942318898691
9.376,-0.092387874531945
9.38,-0.08878838124320715
9.384,-0.07498156125382417
9.388,-0.06477162219639197
9.392,-0.0477108197823213
9.396,-0.06788480246171767
9.4,-0.02513085426040233
9.404,-0.014425388626269848
9.408,0.016291495510662096
9.412,-0.016679788190862195
9.416,0.02298901900738614
9.42,0.0059496016180530485
9.424,0.04658342065868599
9.428,0.014084716906077974
9.432,0.03552094896914844
9.436,0.06414825661055848
9.44,0.0864789628599334
9.444,0.06820389140498744
9.448,0.09832772290459599
9.452,0.11943438967358598
9.456,0.1039636848626313
9.46,0.12229038219961909
9.464,0.14222133770129072
9.468,0.12279508694598922
9.472,0.1508034723834657
9.476,0.1639041917646034
9.48,0.19373449677148824
9.484,0.1798840628807638
9.488,0.1923666718587356
9.492,0.1613309712410805
9.496,0.21561412896841425
9.5,0.17349609693865567
9.504,0.16371852217817306
9.508,0.19483416076913995
9.512,0.1805367983064753
9.516,0.1854856129755995
9.52,0.1525257812223988
9.524,0.15866197339825366
9.528,0.17610860124572575
9.532,0.18529705212955155
9.536,0.10915318377876261
9.54,0.1306976985227859
9.544,0.11037431886308291
9.548,0.12851935186420851
9.552,0.10375156913883259
9.556,0.10460217533188068
9.56,0.10002341835761631
9.564,0.05241782304337603
9.568,0.024777569283703754
9.572,0.019170769775289885
9.576,0.011324445809212253
9.58,-0.021871910768957826
9.584,0.014413736412104628
9.588,0.03303252875553592
9.592,-0.031226486740216514
9.596,-0.05155070829754556
9.6,-0.046311368408415675
9.604,-0.04263900845285275
9.608,-0.035011663126949435
9.612,-0.08847791727768292
9.616,-0.07576579460981685
9.62,-0.07688595294392549
9.624,-0.07784415709068247
9.628,-0.02669646771632369
9.632,-0.10765634860716938
9.636,-0.10496316732973437
9.64,-0.06776759797376739
9.644,-0.0778554738496943
9.648,-0.10707845519367346
9.652,-0.09492298945383046
9.656,-0.0727193285164367
9.66,-0.06072436037138365
9.664,-0.08687858708752973
9.668,-0.07738163787782046
9.672,-0.05996784379365133
9.676,-0.07046472590906817
9.68,-0.06388478292075934
9.684,-0.08696578233925972
9.688,-0.09317047369948771
9.692,-0.08134363820003525
9.696,-0.040199847804402444
9.7,-0.07855820124248422
9.704,-0.08203376116904884
9.708,-0.08726756190021236
9.712,-0.0885518757498014
9.716,-0.10666206780823105
9.72,-0.06004443633139719
9.724,-0.06802060446286128
9.728,-0.06530317467347402
9.732,-0.06091176758814771
9.736,-0.04494176587650108
9.74,-0.0850872376377984
9.744,-0.08681618585160536
9.748,-0.05972249038295217
9.752,-0.06511886263942013
9.756,-0.06791998730238473
9.76,-0.0899568592649827
9.764,-0.07082134737278271
9.768,-0.08509624223287288
9.772,0.002052973324748205
9.776,-0.054305461923188796
9.78,-0.057809377156046976
9.784,-0.03274705717296459
9.788,-0.03847615518820016
9.792,-0.044574368261404665
9.796,-0.046488501525160625
9.8,-0.03548014776618016
9.804,-0.08027931454725404
9.808,-0.07156305794045839
9.812,-0.057791949270732466
9.816,-0.06687903444830777
9.82,-0.07533346075396312
9.824,-0.05960899300162623
9.828,-0.03592859968244834
9.832,-0.03709168751415744
9.836,-0.06905479527413541
9.84,-0.017003508006935234
9.844,-0.038807828003619683
9.848,-0.01852201528501459
9.852,-0.021224132383746472
9.856,-0.04778539191588907
9.86,-0.02564367970270199
9.864,-0.01995157794155784
9.868,-0.010892492262406862
9.872,-0.048451090697805996
9.876,-0.022948722819355807
9.88,-0.005556453437204213
9.884,-0.02302300889080981
9.888,-0.0461284382490456
9.892,-0.04617986937241669
9.896,-0.0033494352068948567
9.9,-0.00412630506764948
9.904,-0.04784510034383693
9.908,-0.010274397060046132
9.912,0.002461812301358637
9.916,-0.029461125606210167
9.92,0.006171964112059527
9.924,-0.04203107838482658
9.928,-0.02218937694425613
9.932,-0.022231669919446074
9.936,-0.0048747979481658064
9.94,-0.02261918960881166
9.944,-0.030709402199472702
9.948,-0.026321681063938757
9.952,-0.02399485621908623
9.956,-0.013336607525092659
9.96,-0.031520643878825645
9.964,0.004479786173370354
9.968,0.005787059469213128
9.972,0.004935259048019779
9.976,-0.03136967584020424
9.98,-0.0020869782224425836
9.984,0.02056834095640776
9.988,0.0009292720845093546
9.992,-0.003701019916081366
9.996,-0.009004619991203408
