timestamp,eeg_channel1
0.0,0.08040271665272127
0.00390625,0.2742574586080321
0.0078125,0.41001254421436767
0.01171875,0.7044743708299569
0.015625,0.6159982997856157
0.01953125,0.5130589312491476
0.0234375,0.3733253752437666
0.02734375,0.5266260273098934
0.03125,0.5062384798460294
0.03515625,0.5520225290338427
0.0390625,0.3423458464888104
0.04296875,0.3720204033320276
0.046875,0.1464278332460492
0.05078125,0.08746830887387279
0.0546875,0.07437434999084414
0.05859375,0.31900078309404956
0.0625,0.1676760856592675
0.06640625,0.031288422627465985
0.0703125,0.04377105173160922
0.07421875,-0.3364325749846708
0.078125,-0.38362893103024
0.08203125,-0.30971807055294515
0.0859375,-0.24870081200166244
0.08984375,0.06302972628262059
0.09375,0.043002299878510244
0.09765625,0.002455534787339369
0.1015625,0.2894074603344783
0.10546875,0.32983287930296623
0.109375,0.21431900102554852
0.11328125,0.246993565272678
0.1171875,0.2965879933805485
0.12109375,0.23325038934156486
0.125,0.06623960214541617
0.12890625,0.11586197739400284
0.1328125,0.0007738769433356583
0.13671875,-0.16894669203901105
0.140625,-0.18250611368704744
0.14453125,-0.06152206644315183
0.1484375,0.10165644520863885
0.15234375,-0.05301787392427649
0.15625,0.026793725716210356
0.16015625,-0.1628177511700187
0.1640625,-0.26841917758583145
0.16796875,-0.34554762452798987
0.171875,-0.3396506833850718
0.17578125,-0.13112869251302983
0.1796875,-0.09979801325334031
0.18359375,0.11932376798532143
0.1875,0.2174685657850603
0.19140625,0.30982744413041124
0.1953125,0.4488844208283872
0.19921875,0.586272912961388
0.203125,0.5048502422103517
0.20703125,0.6163910512596246
0.2109375,0.26430135638359
0.21484375,0.13620612474212848
0.21875,0.13227840424842147
0.22265625,0.13873397929577985
0.2265625,-0.0810930438481445
0.23046875,0.14691980876500316
0.234375,0.16027271988773611
0.23828125,0.25674716937876596
0.2421875,0.1517489314516093
0.24609375,0.06962693612468986
0.25,-0.031512372308896024
0.25390625,-0.2888996347999858
0.2578125,-0.3250972808152864
0.26171875,-0.5186522247264934
0.265625,-0.42823974539998527
0.26953125,-0.5895306714311134
0.2734375,-0.4156771274811961
0.27734375,-0.3307371103453776
0.28125,-0.22099787491120718
0.28515625,-0.01329734520803151
0.2890625,0.15889004974592258
0.29296875,0.12276322654075339
0.296875,0.1367705016301092
0.30078125,-0.07472808207795997
0.3046875,-0.3377380802432221
0.30859375,-0.2920924093470856
0.3125,-0.06952478712318419
0.31640625,-0.2534697067581043
0.3203125,-0.15881155604456276
0.32421875,-0.04211462837390057
0.328125,-0.010014568614251915
0.33203125,0.008563741905565275
0.3359375,0.01957426010694277
0.33984375,-0.28114725573159716
0.34375,0.08045504503555699
0.34765625,0.004188686143277298
0.3515625,-0.12566710602015535
0.35546875,-0.20154239414121303
0.359375,-0.20320279019754764
0.36328125,-0.15740986033533708
0.3671875,-0.1048364812466113
0.37109375,-0.135872368554077
0.375,0.03089967131558872
0.37890625,0.20955622246233196
0.3828125,0.279233978450627
0.38671875,0.2074132669855101
0.390625,0.06796321945636373
0.39453125,-0.07309754412098113
0.3984375,0.10206826919409898
0.40234375,0.16644494101934532
0.40625,0.1369655365784197
0.41015625,0.08069688956454503
0.4140625,-0.06351182802334933
0.41796875,-0.029106742994987677
0.421875,-0.03343609117902757
0.42578125,0.04621948993409945
0.4296875,0.13213631423726163
0.43359375,0.25226572616440235
0.4375,-0.043788539484843444
0.44140625,-0.016092938803824446
0.4453125,-0.20564122838083942
0.44921875,-0.5156933715925941
0.453125,-0.5771905086734579
0.45703125,-0.3413937093932928
0.4609375,-0.3542854423406817
0.46484375,-0.15664447283041383
0.46875,0.19009357018464962
0.47265625,0.20162327168980548
0.4765625,0.19459225131828767
0.48046875,-0.03660027385297556
0.484375,0.15168140442346795
0.48828125,0.25351815946213935
0.4921875,0.17718600191840708
0.49609375,0.009818336597937192
0.5,-0.10205818925302627
0.50390625,-0.10289395645576026
0.5078125,0.02796264437191787
0.51171875,-0.00860873702017005
0.515625,0.31884223641775367
0.51953125,0.3571922373600343
0.5234375,0.3284238230041166
0.52734375,0.3021883526621471
0.53125,0.058181855574066875
0.53515625,0.09570033108145362
0.5390625,-0.36874529492296887
0.54296875,-0.1686351916607191
0.546875,-0.22152542093289568
0.55078125,-0.047873208655537826
0.5546875,-0.22477621624310007
0.55859375,-0.0370847397938353
0.5625,0.03007539318398608
0.56640625,0.17605953094166474
0.5703125,0.0513162851024558
0.57421875,0.10585798886371463
0.578125,0.3173092635003234
0.58203125,0.12662863895782822
0.5859375,0.17364335230797256
0.58984375,0.1854463130805128
0.59375,-0.01213743706858257
0.59765625,0.06417787031022598
0.6015625,0.10048139601372508
0.60546875,0.12065090420084072
0.609375,0.18913973696602124
0.61328125,0.10051876525841948
0.6171875,0.07576468536509455
0.62109375,-0.0014284131918794127
0.625,-0.032800560640703774
0.62890625,-0.23765111830913233
0.6328125,-0.29095661663657624
0.63671875,-0.3803634254529856
0.640625,-0.48044401155078414
0.64453125,-0.5859740156841513
0.6484375,-0.4623147528115755
0.65234375,-0.20926811914980983
0.65625,-0.13140637507895084
0.66015625,-0.020843967515516457
0.6640625,0.09125365980553717
0.66796875,0.13417768886670228
0.671875,0.13718087596399334
0.67578125,0.13145154814553464
0.6796875,-0.06669583669739867
0.68359375,0.10471805131288084
0.6875,0.20092959710323927
0.69140625,0.3220510097114255
0.6953125,0.4548945376736783
0.69921875,0.5379562088332165
0.703125,0.559948075386179
0.70703125,0.5094615948015226
0.7109375,0.32553289794219975
0.71484375,0.2870228248837693
0.71875,0.15193558918909375
0.72265625,-0.10945077724440007
0.7265625,-0.2463386752099189
0.73046875,-0.3680064569851718
0.734375,-0.6310003256292028
0.73828125,-0.4767295874734968
0.7421875,-0.18418417211455446
0.74609375,-0.14101975177407608
0.75,0.11578960672849686
0.75390625,-0.011433693141244601
0.7578125,0.058931831755181324
0.76171875,-0.20565382767774468
0.765625,-0.24922264949908912
0.76953125,-0.11029598561421589
0.7734375,0.08908531963307217
0.77734375,0.02563738456382014
0.78125,-0.13357310077281806
0.78515625,-7.16291251206257e-05
0.7890625,0.24565603140241316
0.79296875,0.02797584784344373
0.796875,0.07519956267719653
0.80078125,0.057651717873878974
0.8046875,0.050319476636353944
0.80859375,-0.05007745961132286
0.8125,-0.15164267495039652
0.81640625,-0.5053352990432174
0.8203125,-0.6479492989939287
0.82421875,-0.7362988000255054
0.828125,-0.7139327682969936
0.83203125,-0.5015624108289969
0.8359375,-0.4666183141823873
0.83984375,-0.3078980498158665
0.84375,-0.28844300537284906
0.84765625,-0.08531193058027957
0.8515625,-0.09056639455130927
0.85546875,-0.05545833665839716
0.859375,0.23744106308263424
0.86328125,0.2904438397637094
0.8671875,0.28344543430754016
0.87109375,0.18560912902065882
0.875,0.2004608368322426
0.87890625,0.35791818379903917
0.8828125,0.39217716616302883
0.88671875,0.5731417279034444
0.890625,0.6151424490316086
0.89453125,0.6113586882628705
0.8984375,0.5411525479704951
0.90234375,0.2523745201390435
0.90625,0.024655663893518743
0.91015625,-0.18478687443200945
0.9140625,-0.2876821468146939
0.91796875,-0.2751296198455068
0.921875,-0.4643503547322093
0.92578125,-0.45838835021764457
0.9296875,-0.5559198779078609
0.93359375,-0.253950638904528
0.9375,-0.2190909717441593
0.94140625,-0.044723813402780796
0.9453125,-0.0200351093212136
0.94921875,0.1774134780354144
0.953125,-0.08627581985402859
0.95703125,-0.060143826207761826
0.9609375,-0.24805639180040245
0.96484375,-0.13872836066549504
0.96875,-0.10023359937724476
0.97265625,0.15327569101334432
0.9765625,0.2829430327501074
0.98046875,0.21255857025782454
0.984375,0.31569701438315556
0.98828125,0.3738777468801698
0.9921875,0.28702161452661684
0.99609375,0.21103386942607755
1.0,-0.1088618840810741
1.00390625,0.023276979509839025
1.0078125,-0.026774018479995203
1.01171875,-0.10618006215134082
1.015625,-0.015102370729843516
1.01953125,0.0784220178823481
1.0234375,-0.03836222845725376
1.02734375,0.22114569159363429
1.03125,0.43819230711048063
1.03515625,0.29065002163903203
1.0390625,0.4064573803980348
1.04296875,0.3478632647975013
1.046875,0.31150213876693655
1.05078125,0.30540526100879295
1.0546875,0.3106628756391092
1.05859375,0.42476732833613173
1.0625,0.5243740860906393
1.06640625,0.40931272586122003
1.0703125,0.3808890878253904
1.07421875,0.25329020158180265
1.078125,0.23766612330467124
1.08203125,0.3883189726037562
1.0859375,0.08334430070461928
1.08984375,-0.016465793911796995
1.09375,-0.10990975513127149
1.09765625,-0.24948219871375135
1.1015625,-0.3474203151340718
1.10546875,-0.46357782759019106
1.109375,-0.6195052038893879
1.11328125,-0.3715072694446527
1.1171875,-0.28775813089639574
1.12109375,-0.053936726303246106
1.125,-0.12565265083398744
1.12890625,-0.12919623535877822
1.1328125,-0.14412167136456108
1.13671875,-0.2606891143171336
1.140625,-0.27845608653182463
1.14453125,-0.33505207808990795
1.1484375,-0.06300677545774765
1.15234375,-0.3359191990399458
1.15625,-0.22597785123365585
1.16015625,-0.12980325368975187
1.1640625,-0.07416948274860471
1.16796875,0.413410770273511
1.171875,0.263594031581828
1.17578125,0.2989143307017875
1.1796875,0.4189917098592752
1.18359375,0.19377130763064523
1.1875,-0.05201406207182323
1.19140625,-0.07611734260187625
1.1953125,-0.28945808528087125
1.19921875,-0.3964752485117366
1.203125,-0.18058687385607589
1.20703125,0.07730595632223516
1.2109375,0.13981212130951096
1.21484375,0.07071007593112662
1.21875,0.06654799493053518
1.22265625,0.029856723367910523
1.2265625,-0.1478757480243444
1.23046875,-0.05178986806222312
1.234375,0.03810924126302944
1.23828125,-0.19848476263516238
1.2421875,-0.14224552089968662
1.24609375,-0.32271690439714196
1.25,-0.17693448697921638
1.25390625,-0.05518642461244311
1.2578125,-0.011088715333934561
1.26171875,0.23848086476400104
1.265625,0.08178049122105843
1.26953125,-0.0002931383400413691
1.2734375,-0.07252174128234108
1.27734375,-0.11645771766085249
1.28125,-0.19867999350509832
1.28515625,-0.29261934665505734
1.2890625,-0.19611706541932913
1.29296875,-0.23665638788219348
1.296875,-0.353009005157921
1.30078125,-0.2620111538063659
1.3046875,-0.3415498992069703
1.30859375,-0.30589269416863707
1.3125,-0.16971331883279858
1.31640625,-0.12879997207648736
1.3203125,-0.08026914888608422
1.32421875,-0.23325546788612356
1.328125,-0.17604649320612756
1.33203125,-0.10755298939955041
1.3359375,-0.11362040920392738
1.33984375,-0.1060895047656045
1.34375,0.13466968739430002
1.34765625,0.1800975078505072
1.3515625,0.2973288769677201
1.35546875,0.47670573098900754
1.359375,0.3421960777089049
1.36328125,0.5690633758809043
1.3671875,0.42777294027084994
1.37109375,0.3958620585365709
1.375,0.29642474920501716
1.37890625,0.015705063586857824
1.3828125,0.0015314514607314112
1.38671875,-0.042219720347023974
1.390625,-0.21325991531776123
1.39453125,0.0006787405000847115
1.3984375,0.04433658921370946
1.40234375,0.07348405996426458
1.40625,0.09092841950395024
1.41015625,0.2369811826905243
1.4140625,-0.0062489424472568795
1.41796875,0.03890023273022349
1.421875,-0.22207610733656669
1.42578125,-0.14269994305590042
1.4296875,-0.1777529384124086
1.43359375,0.02023634810796584
1.4375,0.10775640871391451
1.44140625,0.2542105921439035
1.4453125,0.47473032431879536
1.44921875,0.5221410319597535
1.453125,0.5909514618926281
1.45703125,0.3685448277460778
1.4609375,0.41935718071842754
1.46484375,0.47215922914929614
1.46875,0.35817234329719355
1.47265625,0.13595910812046424
1.4765625,-0.016474701303084722
1.48046875,0.004320164121404311
1.484375,-0.012671533944797449
1.48828125,0.17272655579556825
1.4921875,0.12080866304241066
1.49609375,0.060271702277733756
1.5,0.1070397259185398
1.50390625,-0.014226183780951807
1.5078125,0.2139591476457702
1.51171875,0.1379277993773642
1.515625,0.2587747302648665
1.51953125,0.4366286658250147
1.5234375,0.3972635593244961
1.52734375,0.4649867159229909
1.53125,0.5191439632737335
1.53515625,0.6589017407902791
1.5390625,0.6940334775619503
1.54296875,0.8677527858271953
1.546875,1.0
1.55078125,0.9026215640643469
1.5546875,0.7527847199458775
1.55859375,0.7857452033503927
1.5625,0.43993278066851943
1.56640625,0.26229569584273554
1.5703125,0.1948369793290262
1.57421875,0.2858024865117655
1.578125,0.15477196323556972
1.58203125,0.07838815068204943
1.5859375,0.006781061037072819
1.58984375,0.023221863215137833
1.59375,-0.05417360839953191
1.59765625,-0.05875318473804851
1.6015625,-0.040448943548311175
1.60546875,-0.09696482002577897
1.609375,-0.183845135391058
1.61328125,-0.32327820760806936
1.6171875,-0.132929495142022
1.62109375,-0.3320785798131181
1.625,0.04385016765634547
1.62890625,0.35734585766768456
1.6328125,0.4076676821866444
1.63671875,0.6672509837444057
1.640625,0.607586231946107
1.64453125,0.39141675876367027
1.6484375,0.20646274660979555
1.65234375,0.13927322599197428
1.65625,0.011823802081272412
1.66015625,-0.009038746227222949
1.6640625,-0.09222598810120768
1.66796875,-0.09545369666045599
1.671875,-0.31245646238377706
1.67578125,-0.24720495007160054
1.6796875,-0.1599874058500393
1.68359375,-0.08600080751641573
1.6875,-0.10545425667138424
1.69140625,-0.03942875480912745
1.6953125,-0.10656747249076395
1.69921875,-0.13456879136824812
1.703125,-0.24562491083533738
1.70703125,-0.2850056548604291
1.7109375,-0.16548163302194985
1.71484375,0.04455058278663019
1.71875,0.09136680258237555
1.72265625,0.5449047920568338
1.7265625,0.463061264959072
1.73046875,0.3851275605627956
1.734375,0.44880333151843765
1.73828125,0.36994596509192784
1.7421875,0.2945976838717237
1.74609375,0.18587217899837893
1.75,0.2077914160263839
1.75390625,0.03802410564750994
1.7578125,-0.10257643720003116
1.76171875,-0.23738230657851372
1.765625,-0.1526065122290065
1.76953125,-0.21682852666753108
1.7734375,-0.25359917476470456
1.77734375,-0.3479458258180262
1.78125,-0.3631107159508397
1.78515625,-0.2440300321327078
1.7890625,-0.3761545460352452
1.79296875,-0.496498637692302
1.796875,-0.5581452576084442
1.80078125,-0.36161478765658256
1.8046875,-0.20680227242253268
1.80859375,-0.19399215946813966
1.8125,-0.09784767963136377
1.81640625,-0.004006955105607292
1.8203125,0.10939915520017919
1.82421875,0.29433412558400357
1.828125,0.36288578025724744
1.83203125,0.424120649101412
1.8359375,0.2534649664604558
1.83984375,0.14407483252629413
1.84375,0.01036959735453533
1.84765625,0.005021325200316412
1.8515625,0.034660548185696805
1.85546875,-0.002980703636029319
1.859375,0.07300288147787495
1.86328125,0.3582640530406096
1.8671875,0.2635302644788821
1.87109375,0.3644492539257693
1.875,0.3338230031702863
1.87890625,0.31888601263477345
1.8828125,0.08129067616392029
1.88671875,0.20572473146874662
1.890625,-0.07477521307590305
1.89453125,0.027949580565577472
1.8984375,-0.0847120281690631
1.90234375,-0.1334264136926832
1.90625,0.11437976499839893
1.91015625,0.06680379142107613
1.9140625,0.31923062714133466
1.91796875,0.4591496551209975
1.921875,0.3758836483423889
1.92578125,0.3893569106896342
1.9296875,0.15442123296868046
1.93359375,-0.0833590049086819
1.9375,-0.286958715692061
1.94140625,-0.20999925165241495
1.9453125,-0.22991422374774637
1.94921875,-0.1377577519559988
1.953125,-0.1326369228591863
1.95703125,-0.059816270880125776
1.9609375,-0.1761161010251699
1.96484375,-0.2513910789006022
1.96875,-0.08216596370189927
1.97265625,-0.06368638357325594
1.9765625,-0.12764768425357434
1.98046875,-0.11451875508443002
1.984375,-0.4461582586516513
1.98828125,-0.24028729699715784
1.9921875,-0.1719194724077846
1.99609375,-0.1947617795666826
2.0,0.06607697721745347
2.00390625,0.25726782278684857
2.0078125,0.41286989359314075
2.01171875,0.23578992144993005
2.015625,0.1945221120021108
2.01953125,0.22220252977575197
2.0234375,0.14107010404892772
2.02734375,0.236913511636412
2.03125,0.23225876297250742
2.03515625,0.323768562935286
2.0390625,0.226074631233643
2.04296875,0.22407160931804468
2.046875,0.02560373717502477
2.05078125,0.2441144268840536
2.0546875,0.13208331120641637
2.05859375,0.2601286637156539
2.0625,0.21980034014848077
2.06640625,-0.11228944500286946
2.0703125,-0.1690457882227794
2.07421875,-0.33343971665414585
2.078125,-0.35919446004727595
2.08203125,-0.536275681513721
2.0859375,-0.4385246139483733
2.08984375,-0.2101358097336634
2.09375,-0.15188784830494065
2.09765625,-0.10556364808310055
2.1015625,-0.10299057123769403
2.10546875,-0.010208851580248925
2.109375,-0.1712659797093488
2.11328125,-0.05324597288622927
2.1171875,-0.13333452705775445
2.12109375,-0.28415095192907797
2.125,-0.36140563641911533
2.12890625,-0.5400984439210186
2.1328125,-0.2741795626701005
2.13671875,-0.22061163185841626
2.140625,-0.2560206982399375
2.14453125,-0.10340955797466049
2.1484375,0.12285884304096246
2.15234375,0.0068162225613955015
2.15625,-0.16428530312888978
2.16015625,-0.33697213281150207
2.1640625,-0.5101188014046087
2.16796875,-0.4935808393462848
2.171875,-0.25295959984645405
2.17578125,-0.298682535826644
2.1796875,-0.09194896802000846
2.18359375,-0.0008069567898264409
2.1875,0.048916055228944856
2.19140625,0.37015180669868136
2.1953125,0.31023619035688915
2.19921875,0.2230872951761465
2.203125,0.41315298071489753
2.20703125,0.6110693111512547
2.2109375,0.371469239182876
2.21484375,0.20731559692516274
2.21875,0.2981359426129944
2.22265625,0.23042910885131815
2.2265625,0.19388597543632127
2.23046875,0.31428790682063323
2.234375,0.23304249282111467
2.23828125,0.23003400742496877
2.2421875,0.14371464799072908
2.24609375,0.022172805084232087
2.25,-0.14253031306936564
2.25390625,-0.1284514492525291
2.2578125,-0.32061804793298354
2.26171875,-0.3364316575024016
2.265625,-0.4145239956375743
2.26953125,-0.3478373799888365
2.2734375,-0.45804817323018643
2.27734375,-0.28666484786732604
2.28125,-0.34310391042114746
2.28515625,-0.004436470672232318
2.2890625,0.12413988307226946
2.29296875,0.2611719885085865
2.296875,0.3412612589340358
2.30078125,0.17423374929258567
2.3046875,0.21090933716418434
2.30859375,0.012042494238618763
2.3125,0.1580497588791924
2.31640625,0.24669771700477314
2.3203125,0.4129015911119696
2.32421875,0.3719386159244337
2.328125,0.3595629579994791
2.33203125,0.4003663996139013
2.3359375,0.36853801242408957
2.33984375,0.042202936188947854
2.34375,0.18761407200178254
2.34765625,0.015242527415542002
2.3515625,0.07809072021547699
2.35546875,-0.11496069569623192
2.359375,-0.5422100852451055
2.36328125,-0.4535876170924853
2.3671875,-0.26806551937041356
2.37109375,0.05125403133635952
2.375,0.15443177620084267
2.37890625,0.5035675011976737
2.3828125,0.6247169304275108
2.38671875,0.44269754420883173
2.390625,0.3839836520343907
2.39453125,0.25408351323269324
2.3984375,0.22185728800928226
2.40234375,0.4103627723238921
2.40625,0.4477891015525246
2.41015625,0.3972868649651279
2.4140625,0.17471437120706668
2.41796875,0.11905587803328802
2.421875,-0.024801511403919403
2.42578125,0.07258111647123688
2.4296875,0.04097668687707139
2.43359375,-0.13875991414562697
2.4375,-0.11201637772534195
2.44140625,-0.2758746172267181
2.4453125,-0.6039674365689975
2.44921875,-0.6522881651481387
2.453125,-0.455137710021881
2.45703125,-0.38976142042850814
2.4609375,-0.4241242194471532
2.46484375,-0.24925848547582494
2.46875,-0.19438320294777192
2.47265625,-0.07830561172022407
2.4765625,-0.1688677468435201
2.48046875,0.05559996415206136
2.484375,0.0818166250203403
2.48828125,0.17097830883659704
2.4921875,0.1390800784144206
2.49609375,0.23401043988158748
2.5,0.14648893695629384
2.50390625,0.12092651545328251
2.5078125,0.04502722120483308
2.51171875,0.14187118904067153
2.515625,0.17578311381977993
2.51953125,0.1880989631953464
2.5234375,0.23505098652386996
2.52734375,-0.001501072348168271
2.53125,-0.12686783883018254
2.53515625,-0.33698887551677986
2.5390625,-0.46248363486674315
2.54296875,-0.472194920713207
2.546875,-0.31106886703508585
2.55078125,-0.3443250871075858
2.5546875,-0.14543666349567738
2.55859375,-0.11111772823521056
2.5625,-0.14048782926640152
2.56640625,0.2735017980124768
2.5703125,0.2370021565764472
2.57421875,0.23054306117738535
2.578125,0.2700046540872221
2.58203125,0.15558722549723702
2.5859375,0.05509016275974612
2.58984375,-0.029806535877026804
2.59375,0.006705958758069423
2.59765625,-0.0467848338706611
2.6015625,0.004019575958988491
2.60546875,0.1421549003561168
2.609375,0.043720937165525484
2.61328125,0.1540410596738748
2.6171875,0.022297580749928315
2.62109375,-0.04706672827551003
2.625,-0.18980178381421584
2.62890625,-0.3392779112284144
2.6328125,-0.4236758155312183
2.63671875,-0.46005399214084003
2.640625,-0.3737167844014172
2.64453125,-0.28957067902307604
2.6484375,-0.30298841742902993
2.65234375,-0.2054971096338332
2.65625,0.039040692753677074
2.66015625,0.06521927046924463
2.6640625,0.1953316849590205
2.66796875,0.2832121985401368
2.671875,0.09862461219526089
2.67578125,0.19210063943691208
2.6796875,-0.0131031194132668
2.68359375,0.09443407674391734
2.6875,0.30179116322246113
2.69140625,0.13158082445336744
2.6953125,0.2911200866927814
2.69921875,0.37867306393024114
2.703125,0.1450287729654604
2.70703125,0.2549428963680014
2.7109375,0.22625873746163544
2.71484375,0.28510054268556495
2.71875,0.31494014467664566
2.72265625,0.08824687120680995
2.7265625,0.1280135704754039
2.73046875,-0.10996657193377318
2.734375,-0.2723364943135013
2.73828125,-0.27836956470925983
2.7421875,-0.13137912866384158
2.74609375,-0.028944611029037944
2.75,0.17524828061485345
2.75390625,0.08317260848496674
2.7578125,0.10263913665229733
2.76171875,0.2033026556976119
2.765625,-0.05139462496888376
2.76953125,0.01577993395229823
2.7734375,-0.016041354654273796
2.77734375,-0.0012627689881947756
2.78125,0.018758708082585965
2.78515625,-0.15048479262243755
2.7890625,-0.15508513136004248
2.79296875,-0.27842839642243405
2.796875,-0.03957248476316931
2.80078125,0.2605618048978436
2.8046875,0.07022819467415624
2.80859375,0.1308935481808978
2.8125,-0.040426817702560805
2.81640625,-0.2582989571551646
2.8203125,-0.45286075375873847
2.82421875,-0.4723107829538979
2.828125,-0.3363670821701031
2.83203125,-0.16947111088717542
2.8359375,-0.015038260619724225
2.83984375,0.022302864509331503
2.84375,0.05820552621521355
2.84765625,0.28246832530186944
2.8515625,0.2866995670609635
2.85546875,0.2207987822063037
2.859375,0.2855210048748264
2.86328125,0.2072035496014002
2.8671875,0.15264181344177913
2.87109375,0.2591732362522457
2.875,0.24538147025205173
2.87890625,0.1863804311623713
2.8828125,0.36199609340875105
2.88671875,0.5253042782206336
2.890625,0.44834494537342606
2.89453125,0.5301252350506621
2.8984375,0.39963137154317074
2.90234375,0.2594708871114082
2.90625,-0.031101211219813584
2.91015625,-0.2363558776666726
2.9140625,-0.36680745664831427
2.91796875,-0.14005971265507203
2.921875,-0.1286769582778057
2.92578125,-0.2504496600410523
2.9296875,-0.2788909916168213
2.93359375,-0.33387113284792136
2.9375,-0.2748433236918917
2.94140625,-0.5666542795899446
2.9453125,-0.28579552536950426
2.94921875,-0.16574171757701903
2.953125,-0.2930036012533827
2.95703125,-0.31988612772471003
2.9609375,-0.24117285537402564
2.96484375,-0.3119253224573405
2.96875,-0.17029450985178882
2.97265625,-0.05505468637031298
2.9765625,0.012832264952783758
2.98046875,0.2369597856441869
2.984375,0.26323375064441157
2.98828125,0.09902530030061897
2.9921875,0.08274285685243096
2.99609375,0.03959648482260826
3.0,-0.15054377793524013
3.00390625,-0.04085083349975839
3.0078125,-0.16312527358343382
3.01171875,-0.32359206762664666
3.015625,-0.3655234482025212
3.01953125,-0.16847295097177073
3.0234375,-0.16292632463864104
3.02734375,0.07478289399464903
3.03125,0.23545365327918658
3.03515625,0.19893844919008188
3.0390625,0.21149591054918723
3.04296875,0.13256951183454901
3.046875,0.011805057726867916
3.05078125,0.08754875227572417
3.0546875,-0.015489276395713816
3.05859375,0.09713920225236711
3.0625,0.25700919139569844
3.06640625,0.3405683321793331
3.0703125,0.4565473501909443
3.07421875,0.5382845894285494
3.078125,0.4348588360255574
3.08203125,0.43332996084886605
3.0859375,0.1961739080553053
3.08984375,0.3763893013354962
3.09375,-0.094653959235818
3.09765625,-0.21271415983892575
3.1015625,-0.44448012523052016
3.10546875,-0.714012863560076
3.109375,-0.7362391749092889
3.11328125,-0.6495991001113879
3.1171875,-0.5290893878963957
3.12109375,-0.24996065774328333
3.125,-0.2689571173485686
3.12890625,-0.2533345443481102
3.1328125,-0.32340795097922276
3.13671875,-0.48376771133433877
3.140625,-0.28437903774281703
3.14453125,-0.09966334430954463
3.1484375,-0.17883642842809314
3.15234375,-0.01016771155102673
3.15625,0.06416241449770467
3.16015625,0.2971107607054123
3.1640625,0.4067388275492601
3.16796875,0.33494483218907994
3.171875,0.4874135664097149
3.17578125,0.7104570720380958
3.1796875,0.5204961149465103
3.18359375,0.4358417059955108
3.1875,0.23125146583783282
3.19140625,0.0016056354905271332
3.1953125,-0.047933975846543526
3.19921875,0.14242694233538242
3.203125,-0.09695456422002535
3.20703125,0.01578276952365403
3.2109375,-0.039961303643177286
3.21484375,-0.09286544937824426
3.21875,-0.21141984112781717
3.22265625,-0.06542596551605892
3.2265625,-0.025438484400802576
3.23046875,0.21739565387524212
3.234375,0.1920240248330923
3.23828125,0.12079038674937422
3.2421875,0.1405967483329886
3.24609375,-0.05688591729877274
3.25,0.0753548832120722
3.25390625,0.26880086030160477
3.2578125,0.4422242191013609
3.26171875,0.5734943349341803
3.265625,0.6827522795376076
3.26953125,0.5008292452519112
3.2734375,0.2840800129231313
3.27734375,0.14158428462129222
3.28125,-0.34236028884675934
3.28515625,-0.2311102020486853
3.2890625,-0.4453319467425039
3.29296875,-0.41113113010925584
3.296875,-0.3429117415515124
3.30078125,-0.35177466692203846
3.3046875,-0.34619844777042114
3.30859375,-0.2616176730544532
3.3125,-0.19952135081789518
3.31640625,0.005533370667606262
3.3203125,-0.09325306111963537
3.32421875,-0.05125129387015827
3.328125,-0.22116143625303553
3.33203125,-0.31487649022197006
3.3359375,-0.0712393569261847
3.33984375,-0.12811416490233327
3.34375,0.13299162614707305
3.34765625,0.3264461870192715
3.3515625,0.3976231728902137
3.35546875,0.47401954523247913
3.359375,0.48981506967687605
3.36328125,0.2494271960711735
3.3671875,0.1957288971401775
3.37109375,0.2341749662844367
3.375,0.08324441070246687
3.37890625,0.09616091438097847
3.3828125,-0.08924724845995345
3.38671875,-0.24222944935906157
3.390625,-0.245910356074748
3.39453125,-0.21222269609672315
3.3984375,-0.3275699008549628
3.40234375,-0.2645108383870493
3.40625,-0.10587520049303728
3.41015625,-0.23737312282344286
3.4140625,-0.13913008161730947
3.41796875,-0.25269646604709345
3.421875,-0.20876364719857873
3.42578125,-0.3303473944190885
3.4296875,-0.3899942923298118
3.43359375,-0.22476584063659366
3.4375,-0.05004345586738387
3.44140625,0.1261080157020673
3.4453125,0.03290403720740014
3.44921875,-0.0039042839148389946
3.453125,-0.028525869825629456
3.45703125,0.20798837224485278
3.4609375,-0.014576233343080804
3.46484375,0.04055531171214309
3.46875,0.025286385920217504
3.47265625,-0.3660455625081605
3.4765625,-0.4331654406170422
3.48046875,-0.4374024068917282
3.484375,-0.44872548146473995
3.48828125,-0.15533852791163721
3.4921875,-0.07433644049107786
3.49609375,-0.005133351116311509
3.5,0.06836844147640483
3.50390625,0.02968569224292056
3.5078125,-0.08579814971509113
3.51171875,-0.06479221950476537
3.515625,-0.21244029847125437
3.51953125,-0.16009528559484187
3.5234375,-0.06151625155844769
3.52734375,-0.06274882754120516
3.53125,-0.04235294049579703
3.53515625,0.07442841780742449
3.5390625,0.1882190733757938
3.54296875,0.5044450901577774
3.546875,0.5551067389589762
3.55078125,0.5541972652052688
3.5546875,0.40336066069952414
3.55859375,0.18598657244743705
3.5625,-0.04367571924470871
3.56640625,-0.10815158175179285
3.5703125,-0.18020138077676778
3.57421875,-0.012656890400369691
3.578125,-0.009906917856053455
3.58203125,0.11992986267718131
3.5859375,0.03527945286339256
3.58984375,-0.1478954346550808
3.59375,0.03971272778203038
3.59765625,-0.16744049333664332
3.6015625,0.005835968141354339
3.60546875,0.027735097587249177
3.609375,-0.13229531867436084
3.61328125,-0.10923398412663879
3.6171875,-0.06723495910791642
3.62109375,-0.09142106348325442
3.625,-0.07211764909436542
3.62890625,0.04311848176111884
3.6328125,0.3718525340425571
3.63671875,0.29291821141971885
3.640625,0.22869519083594833
3.64453125,0.01174197421558733
3.6484375,0.07017544130305918
3.65234375,0.0053801559033991656
3.65625,-0.016422812499542902
3.66015625,0.07133348447638987
3.6640625,0.10122705019037692
3.66796875,-0.0007639734436657491
3.671875,0.03674955544980105
3.67578125,-0.04444031325798521
3.6796875,0.06227498963336585
3.68359375,-0.05555237342653252
3.6875,0.2239076112657538
3.69140625,0.32852270456818355
3.6953125,0.1674824060937655
3.69921875,0.016632489223536943
3.703125,-0.2797676023289597
3.70703125,-0.2247180335117195
3.7109375,-0.07226232300563712
3.71484375,0.10771745670407569
3.71875,0.15317639492549495
3.72265625,0.4583767631371488
3.7265625,0.31756161221420687
3.73046875,0.37952185761109586
3.734375,0.40575125180082344
3.73828125,0.35208291224803334
3.7421875,0.32895223192215667
3.74609375,0.13813914533628757
3.75,0.042446239637524724
3.75390625,-0.10221020935934173
3.7578125,-0.12822824967799168
3.76171875,-0.36218810557675674
3.765625,-0.21149223743973156
3.76953125,-0.233527929397104
3.7734375,-0.013782203179277586
3.77734375,-0.011656091440517435
3.78125,-0.022825118063178943
3.78515625,-0.2710052123037549
3.7890625,-0.35424758712264115
3.79296875,-0.5984161774465392
3.796875,-0.6872183783163917
3.80078125,-0.5573969284321857
3.8046875,-0.40619682920992917
3.80859375,-0.3058901378900322
3.8125,0.008076748038687373
3.81640625,0.10132537359102833
3.8203125,0.0947191095743317
3.82421875,0.238806333352932
3.828125,0.25491264155841653
3.83203125,0.23202010993198396
3.8359375,0.4511553923183857
3.83984375,0.14362161207411858
3.84375,0.21199850540065612
3.84765625,0.07223628127131572
3.8515625,0.012317491714317806
3.85546875,0.18740012200143522
3.859375,0.06378895996783353
3.86328125,0.24220516997304575
3.8671875,0.223604745039796
3.87109375,0.008652620694834301
3.875,-0.05737519339024791
3.87890625,-0.1428795296694265
3.8828125,-0.27630492806654694
3.88671875,-0.041176622030476576
3.890625,-0.2342254108282884
3.89453125,-0.11955417428297123
3.8984375,-0.104746924418215
3.90234375,-0.2168974511253611
3.90625,-0.08561825560319056
3.91015625,0.10437839866107118
3.9140625,0.4638167079859276
3.91796875,0.2898484581433828
3.921875,0.44869221214107746
3.92578125,0.3619929573357237
3.9296875,0.1879861495690594
3.93359375,0.08990341519764235
3.9375,-0.06966835384779507
3.94140625,-0.14985974323302856
3.9453125,-0.1793394737463266
3.94921875,-0.09172888039789551
3.953125,-0.2436938575697676
3.95703125,-0.18764701035422
3.9609375,-0.4185439606845032
3.96484375,-0.2698975976987029
3.96875,-0.5052712285827842
3.97265625,-0.5625172815052356
3.9765625,-0.474112943374538
3.98046875,-0.5054229412980963
3.984375,-0.5910071849896568
3.98828125,-0.5362536727958755
3.9921875,-0.41590546917918286
3.99609375,-0.4579263965615205
4.0,0.019458465576709588
4.00390625,0.527266285705231
4.0078125,0.5117943118804626
4.01171875,0.6839924703808902
4.015625,0.5046944742008173
4.01953125,0.5170926861189917
4.0234375,0.46098599886668357
4.02734375,0.5114321927142093
4.03125,0.5806240505234396
4.03515625,0.23243265560278176
4.0390625,0.330753655330057
4.04296875,0.17570718115738573
4.046875,0.21585929800598336
4.05078125,0.20143581971751898
4.0546875,0.26764609732917427
4.05859375,0.12066583022048497
4.0625,0.14925380306075892
4.06640625,-0.020248093535426552
4.0703125,-0.23811733466198662
4.07421875,-0.38811419748090564
4.078125,-0.3428791812083739
4.08203125,-0.33664661992188205
4.0859375,-0.27529900863655477
4.08984375,-0.1729023394241841
4.09375,0.04951825499324324
4.09765625,0.12510101759225223
4.1015625,0.09505482779375145
4.10546875,0.014086239779166315
4.109375,0.18727327880362327
4.11328125,0.1229534692213741
4.1171875,0.14755093354748483
4.12109375,0.08598523904490395
4.125,0.09815228890172473
4.12890625,0.15461888399940085
4.1328125,-0.0467892344432536
4.13671875,-0.16561862518095183
4.140625,-0.12365246675143415
4.14453125,-0.1151060957647433
4.1484375,-0.015582089673943086
4.15234375,-0.05642860569660131
4.15625,-0.3097834919322677
4.16015625,-0.08157595248934488
4.1640625,-0.45833396622650197
4.16796875,-0.22688968441231205
4.171875,-0.3244343555477692
4.17578125,-0.11022335236593171
4.1796875,-0.01458969631834874
4.18359375,0.06643825390018532
4.1875,0.06202444095532032
4.19140625,0.18959128119045807
4.1953125,0.4617405320139394
4.19921875,0.5762663259840927
4.203125,0.4614780583408363
4.20703125,0.514585778338527
4.2109375,0.5114522522247654
4.21484375,0.114948551331205
4.21875,0.036493518281168126
4.22265625,0.00430179863139238
4.2265625,-0.06032526111122347
4.23046875,0.1300454144900753
4.234375,0.3444998934503925
4.23828125,0.27871671797778186
4.2421875,0.15073304567529053
4.24609375,0.07933151269418433
4.25,-0.009384144804325879
4.25390625,-0.1334853711537635
4.2578125,-0.3455200719875971
4.26171875,-0.5351740953697074
4.265625,-0.5011989094234242
4.26953125,-0.3805816060349298
4.2734375,-0.37327872555532315
4.27734375,-0.4161883317555058
4.28125,-0.2596351466169596
4.28515625,-0.1092076695604301
4.2890625,-0.013843059060505874
4.29296875,0.13305503410294817
4.296875,0.11342596997339925
4.30078125,-0.1291412245103182
4.3046875,-0.17384390056222696
4.30859375,-0.25158202365048304
4.3125,-0.15964211675186324
4.31640625,-0.17457999649110262
4.3203125,-0.042313808087078006
4.32421875,0.05913959967446647
4.328125,-0.00930722295110914
4.33203125,-0.028842797654464028
4.3359375,-0.27891780648116316
4.33984375,-0.017348100540188236
4.34375,-0.02493765054447313
4.34765625,0.08938562018951669
4.3515625,0.11919530110254994
4.35546875,-0.2274590695017037
4.359375,-0.07082216622798912
4.36328125,-0.42218563548977533
4.3671875,-0.15411014143860916
4.37109375,-0.14383403128702021
4.375,0.12846843066835542
4.37890625,0.3205297811117943
4.3828125,0.24664898912497607
4.38671875,0.15142318786912604
4.390625,0.05646861423944718
4.39453125,-0.04305937210351705
4.3984375,0.040199540705338585
4.40234375,0.05244734754659653
4.40625,-0.05672225017341389
4.41015625,0.0797569534534336
4.4140625,0.05528859541927664
4.41796875,-0.07209526029493465
4.421875,-0.013035387259538622
4.42578125,0.09855667229646552
4.4296875,0.0682188838702073
4.43359375,0.16819580686090913
4.4375,0.070994470014236
4.44140625,-0.14203946395571398
4.4453125,-0.2716772817196957
4.44921875,-0.5705043027437543
4.453125,-0.45659112226893783
4.45703125,-0.37122399874896067
4.4609375,-0.31017408078088615
4.46484375,-0.04838212568490271
4.46875,0.02837086015412184
4.47265625,0.08523892449472956
4.4765625,0.20371357176155733
4.48046875,0.10401433215131159
4.484375,0.2531774608502082
4.48828125,0.1698643131895293
4.4921875,0.11999747503162118
4.49609375,0.2634157622950152
4.5,0.06183848989025888
4.50390625,-0.011193875361661505
4.5078125,0.14238256118702078
4.51171875,0.20511916969406171
4.515625,0.3286300395232027
4.51953125,0.3893743477657527
4.5234375,0.3917088745385029
4.52734375,0.27754528320612837
4.53125,0.0792459481313163
4.53515625,0.05689335686506688
4.5390625,0.036757806212067846
4.54296875,0.04616348866280549
4.546875,-0.16877193800236398
4.55078125,-0.11607685372200288
4.5546875,0.007831622231173521
4.55859375,0.16695923854130487
4.5625,0.11164078951284899
4.56640625,0.23954626028105408
4.5703125,0.07971793258152975
4.57421875,0.28887605488093915
4.578125,0.28407704571356557
4.58203125,0.3592747116432406
4.5859375,0.12375299303468978
4.58984375,-0.030106212886605494
4.59375,0.24197476045486513
4.59765625,0.217108130731099
4.6015625,0.2823197477822347
4.60546875,0.36265713874602185
4.609375,0.16963872411311787
4.61328125,0.18123651207843963
4.6171875,0.09268893605797092
4.62109375,-0.04816499747655505
4.625,-0.11014408699355295
4.62890625,-0.1471099617035752
4.6328125,-0.2516664531137778
4.63671875,-0.4214497400826176
4.640625,-0.4671659341009408
4.64453125,-0.5713311630725956
4.6484375,-0.5145109779628491
4.65234375,-0.30035023880140554
4.65625,-0.246967960364985
4.66015625,0.1323319078195941
4.6640625,0.19060785553946655
4.66796875,0.30862688043981473
4.671875,0.25242393681819236
4.67578125,-0.006092213569920097
4.6796875,-0.15604892236863765
4.68359375,-0.0017868252902576236
4.6875,0.26912203234788123
4.69140625,0.21943868258902932
4.6953125,0.36402685041485305
4.69921875,0.3823347867539721
4.703125,0.3046883627740088
4.70703125,0.35300971325431973
4.7109375,0.39098055486724537
4.71484375,0.18729279208294472
4.71875,0.20418199362325198
4.72265625,-0.0020180227510553776
4.7265625,-0.29224636160764944
4.73046875,-0.5779239809203393
4.734375,-0.7057680777829847
4.73828125,-0.5611599846688349
4.7421875,-0.3116684616187967
4.74609375,-0.2770648476983513
4.75,0.04506525188073775
4.75390625,0.07580011031291689
4.7578125,-0.07010900851732181
4.76171875,-0.20251223624206088
4.765625,-0.12846153571634902
4.76953125,-0.06877596768469625
4.7734375,0.09054565830918182
4.77734375,-0.0034107132295262215
4.78125,0.04273324274849165
4.78515625,-0.02131248819312492
4.7890625,-0.07246701339223778
4.79296875,0.01662708724402144
4.796875,-0.012358955335090209
4.80078125,-0.02055191046456975
4.8046875,0.21562699100929575
4.80859375,0.001587288881615354
4.8125,-0.09492951315475437
4.81640625,-0.49668572706937003
4.8203125,-0.5487154219675803
4.82421875,-0.5233147949097833
4.828125,-0.42022567444656306
4.83203125,-0.3289049267248228
4.8359375,-0.206458685799216
4.83984375,-0.19027057347643536
4.84375,-0.19152811295056418
4.84765625,-0.10809208469555301
4.8515625,-0.1694718464638282
4.85546875,0.24111540620308822
4.859375,0.3638799081643521
4.86328125,0.3858127277959708
4.8671875,0.4263940547026961
4.87109375,0.39208040672910616
4.875,0.22389829235111605
4.87890625,0.3695223462960415
4.8828125,0.40425329246543007
4.88671875,0.6688842659003089
4.890625,0.6172065160424479
4.89453125,0.6186022989387386
4.8984375,0.5186491677032502
4.90234375,0.3881630165659059
4.90625,0.04869588340250968
4.91015625,-0.2453493327424612
4.9140625,-0.3658900318806289
4.91796875,-0.4271094388883559
4.921875,-0.5428150736927913
4.92578125,-0.29318762932305664
4.9296875,-0.4106011521936468
4.93359375,-0.23638791275200594
4.9375,-0.2198876041427927
4.94140625,-0.009485605443928954
4.9453125,-0.05012035300147826
4.94921875,0.031731975442090894
4.953125,-0.14217283262046762
4.95703125,-0.09032884955316885
4.9609375,-0.31486392695571797
4.96484375,-0.2516577263900635
4.96875,-0.10048614432441581
4.97265625,0.07124101426756027
4.9765625,0.17073339806693444
4.98046875,0.1313502862624927
4.984375,0.37383661053625505
4.98828125,0.15197104659923086
4.9921875,0.1934175261307296
4.99609375,0.2121155290628486
5.0,-0.0929163709273787
5.00390625,-0.046472973458890815
5.0078125,-0.2507954490371358
5.01171875,-0.1328475054976618
5.015625,-0.28425648648884894
5.01953125,-0.11364251158049807
5.0234375,-0.028656364659262724
5.02734375,0.18978010737128095
5.03125,0.1998096977386604
5.03515625,0.47997187582924783
5.0390625,0.26184791565352417
5.04296875,0.23196760553404944
5.046875,0.3034558274436391
5.05078125,0.2595378766408867
5.0546875,0.2417877712707913
5.05859375,0.17834419814442404
5.0625,0.325052260391171
5.06640625,0.40952648093702343
5.0703125,0.504041182506121
5.07421875,0.2707459561697487
5.078125,0.2217620018070928
5.08203125,0.13986329130760713
5.0859375,0.12631295756391983
5.08984375,0.0770050753907676
5.09375,-0.0004199834926429532
5.09765625,-0.33012718816040976
5.1015625,-0.39968556696480156
5.10546875,-0.4942283557374557
5.109375,-0.5458042048518446
5.11328125,-0.5376239294276499
5.1171875,-0.339822092639019
5.12109375,-0.19821931787900698
5.125,-0.1874488777382488
5.12890625,-0.16228841463609783
5.1328125,-0.20040184655312673
5.13671875,-0.23299541789846512
5.140625,-0.3938644607582896
5.14453125,-0.3748583583499377
5.1484375,-0.24711367271266624
5.15234375,-0.09198237004697689
5.15625,-0.20214800382044648
5.16015625,-0.14464529706744225
5.1640625,0.06454878125714876
5.16796875,0.08223410611539941
5.171875,0.31929345330441267
5.17578125,0.5337612275452861
5.1796875,0.42287656544630253
5.18359375,0.28380476295273077
5.1875,0.11960339076196083
5.19140625,-0.03599654858819669
5.1953125,-0.2066621539709705
5.19921875,-0.18393117673737386
5.203125,-0.009788027142817917
5.20703125,0.09675467831873769
5.2109375,0.1220780078985985
5.21484375,0.13333389096553674
5.21875,0.10367304820620721
5.22265625,0.008972321096206557
5.2265625,0.03443559435317186
5.23046875,0.2361146085959922
5.234375,0.07505772376823276
5.23828125,-0.09846623633734294
5.2421875,-0.039922741970548695
5.24609375,-0.3127206601584256
5.25,-0.024962189001659432
5.25390625,-0.05630213644827046
5.2578125,0.20702270100632916
5.26171875,0.13900677776441303
5.265625,0.341623285024314
5.26953125,0.1574252355097505
5.2734375,0.031825713977119495
5.27734375,-0.04491549257219694
5.28125,-0.1508589310605306
5.28515625,-0.2217303600307206
5.2890625,-0.2662662224294036
5.29296875,-0.24190616721309977
5.296875,-0.277354750851358
5.30078125,-0.283773134841354
5.3046875,-0.3713428802457669
5.30859375,-0.4162785753669735
5.3125,-0.13496184540285455
5.31640625,-0.14918744985494645
5.3203125,0.10451436149203067
5.32421875,-0.14234016875536284
5.328125,0.06671912336381905
5.33203125,-0.12533265849123174
5.3359375,-0.27222325102943545
5.33984375,-0.19467615719036865
5.34375,0.03775581333524536
5.34765625,0.30038516353613326
5.3515625,0.32452127825358734
5.35546875,0.3433149195072014
5.359375,0.6874048046512063
5.36328125,0.3348294250734726
5.3671875,0.34611967055651627
5.37109375,0.45650222367952925
5.375,0.18857244565720657
5.37890625,-0.06770066408096251
5.3828125,-0.1779288738689485
5.38671875,-0.07410833382709127
5.390625,-0.16980563333782353
5.39453125,-0.004295973091237435
5.3984375,-0.12900512551365528
5.40234375,0.028758958975251332
5.40625,0.08213435269247389
5.41015625,0.09094305855092748
5.4140625,-0.004453168518698779
5.41796875,-0.21923617756114783
5.421875,-0.13198432761394757
5.42578125,-0.3917813912498308
5.4296875,-0.27768225116984285
5.43359375,-0.08102272165189967
5.4375,0.14069045255213428
5.44140625,0.2131997245126218
5.4453125,0.14778604403436543
5.44921875,0.5920413058332875
5.453125,0.4134107609648768
5.45703125,0.4048601920163381
5.4609375,0.3353314861659214
5.46484375,0.2101537140321448
5.46875,0.25258445423525266
5.47265625,-0.03864748755542676
5.4765625,-0.25826538099159135
5.48046875,-0.37438535724690525
5.484375,-0.2749418377223734
5.48828125,-0.19758990970292198
5.4921875,-0.22307771926235623
5.49609375,-0.001978330029116743
5.5,-0.19967574480020367
5.50390625,-0.2862305631986004
5.5078125,-0.3833345731960823
5.51171875,-0.22334940092229
5.515625,-0.06218868354842743
5.51953125,-0.02849932704138617
5.5234375,0.12114165687828093
5.52734375,0.17777039612058712
5.53125,0.25343784279558523
5.53515625,0.22479722025072027
5.5390625,0.2778178980505741
5.54296875,0.6224320571570936
5.546875,0.7451192589121438
5.55078125,0.7930730235008582
5.5546875,0.6412618328880862
5.55859375,0.15584885676690993
5.5625,0.08127154902976434
5.56640625,-0.016726439954849067
5.5703125,-0.09953391048028014
5.57421875,-0.03135865724249853
5.578125,-0.029056307420540054
5.58203125,-0.19022857438857171
5.5859375,-0.22575746841973296
5.58984375,-0.4044958429809256
5.59375,-0.36662993301750396
5.59765625,-0.23573451632733505
5.6015625,-0.37704734299609954
5.60546875,-0.23234182611047766
5.609375,-0.2719348719624035
5.61328125,-0.5219131312137842
5.6171875,-0.47704616409248585
5.62109375,-0.4157294975458274
5.625,-0.3180542592169646
5.62890625,0.12730606903920716
5.6328125,0.19758660435292663
5.63671875,0.4938795726711826
5.640625,0.48308592486086505
5.64453125,0.3504474418299816
5.6484375,0.04642693900523884
5.65234375,-0.05173754796008245
5.65625,-0.03208629407584226
5.66015625,-0.18653044223688944
5.6640625,-0.23692709149134994
5.66796875,-0.1322941963607531
5.671875,-0.3311700949479712
5.67578125,-0.2563994686216247
5.6796875,-0.3266476589143921
5.68359375,-0.1377487231236159
5.6875,-0.14039541170256872
5.69140625,-0.11350827627387093
5.6953125,-0.1921754458024872
5.69921875,-0.2401162935377397
5.703125,-0.4353941926806106
5.70703125,-0.3443516339555979
5.7109375,-0.28613124288062725
5.71484375,-0.014984625778078407
5.71875,0.12989625434033938
5.72265625,0.23115090879201028
5.7265625,0.21061997684603284
5.73046875,0.46012695942407233
5.734375,0.44342326195331516
5.73828125,0.47239524310913067
5.7421875,0.341399285235564
5.74609375,0.2170235551524119
5.75,0.22823061101067407
5.75390625,-0.10434361336252972
5.7578125,-0.14766438096536233
5.76171875,-0.12416458333056574
5.765625,-0.2588314919332434
5.76953125,-0.3018676333458378
5.7734375,-0.08045716510434536
5.77734375,-0.23373507972276705
5.78125,-0.39073565968531004
5.78515625,-0.4114669157285571
5.7890625,-0.3317702273918171
5.79296875,-0.37256450303363875
5.796875,-0.44861635055997007
5.80078125,-0.2660523510464613
5.8046875,-0.3374736347341451
5.80859375,-0.19843812476944012
5.8125,-0.045971557397377766
5.81640625,0.06923403837587236
5.8203125,0.18107579707074836
5.82421875,0.3054645009649483
5.828125,0.30994190892204015
5.83203125,0.23985243902460698
5.8359375,0.39120006750096
5.83984375,0.2573549449413783
5.84375,0.06939695426028189
5.84765625,-0.01952108814647291
5.8515625,0.06725894623848563
5.85546875,-0.024220965776298668
5.859375,0.10423235266353333
5.86328125,0.3129760698651288
5.8671875,0.4131504008806527
5.87109375,0.4861411848160975
5.875,0.2898393803179141
5.87890625,0.1768304074128494
5.8828125,0.11247736814792907
5.88671875,0.10190515665629218
5.890625,0.16462412870609594
5.89453125,-0.0255906897781322
5.8984375,0.0719924405921823
5.90234375,0.15156296011889508
5.90625,0.15935847902187397
5.91015625,0.32292608936266914
5.9140625,0.4329524137573607
5.91796875,0.4468542954032731
5.921875,0.6001991528890686
5.92578125,0.3290861724730242
5.9296875,0.019888847545876588
5.93359375,-0.09832732439940103
5.9375,-0.23800950959962766
5.94140625,-0.15490125435200464
5.9453125,-0.08362591557843974
5.94921875,-0.08135855532193037
5.953125,-0.04000072841691269
5.95703125,-0.3087354528077856
5.9609375,-0.20773393723017666
5.96484375,-0.2025756799564843
5.96875,-0.20216321708078283
5.97265625,-0.262763301174559
5.9765625,-0.12619852581836016
5.98046875,-0.16588119577526383
5.984375,-0.40312314768189433
5.98828125,-0.27545420516396457
5.9921875,-0.3145618700662502
5.99609375,-0.20506020927688187
6.0,0.02545323073730816
6.00390625,0.20554473585869587
6.0078125,0.4256745783694221
6.01171875,0.3267472661892408
6.015625,0.239402516717639
6.01953125,0.159715059890222
6.0234375,0.1581482573231129
6.02734375,0.13493494081098373
6.03125,0.2032199104834109
6.03515625,0.15370606095697187
6.0390625,0.24664855234172609
6.04296875,0.20770145566327444
6.046875,0.08184594818742187
6.05078125,0.04213639453180386
6.0546875,0.10988391842466727
6.05859375,0.26591597484123003
6.0625,0.21101378375583174
6.06640625,0.18299761408030327
6.0703125,-0.036826794387986
6.07421875,-0.34020309932114284
6.078125,-0.5386663592422655
6.08203125,-0.39719071333709477
6.0859375,-0.37977895738972345
6.08984375,-0.21072563168919836
6.09375,-0.11669309699717381
6.09765625,-0.025244649152884057
6.1015625,0.032131763199884915
6.10546875,0.06298374138260893
6.109375,0.08456137266602867
6.11328125,0.06995807737980596
6.1171875,0.0352510799935959
6.12109375,-0.1956509543328098
6.125,-0.19549905228665793
6.12890625,-0.2574601955506299
6.1328125,-0.27887060700949706
6.13671875,-0.17731756113559588
6.140625,-0.1659772413515803
6.14453125,-0.10286036167723778
6.1484375,0.05322312505446427
6.15234375,0.010278904459400358
6.15625,-0.047232620013048884
6.16015625,-0.416223882675005
6.1640625,-0.34438154713690433
6.16796875,-0.3839732137260997
6.171875,-0.35617123058060884
6.17578125,-0.19191164270407676
6.1796875,-0.22945579010114384
6.18359375,-0.011421204936326156
6.1875,-0.03606471586568127
6.19140625,0.27617346129183185
6.1953125,0.44491623029621424
6.19921875,0.21704378205783106
6.203125,0.4671195549963501
6.20703125,0.4160893694693195
6.2109375,0.4562718513242259
6.21484375,0.22597057456714406
6.21875,0.3130816062384052
6.22265625,0.3391275197121073
6.2265625,0.30133502198115303
6.23046875,0.3643295737922726
6.234375,0.25599424047885455
6.23828125,0.17811964976194689
6.2421875,0.001683318295872907
6.24609375,0.004461325822953838
6.25,-0.19768204081059146
6.25390625,-0.2473811235786745
6.2578125,-0.2271807856669901
6.26171875,-0.33682316997237066
6.265625,-0.3610592769233549
6.26953125,-0.4964908574502065
6.2734375,-0.43705795328194535
6.27734375,-0.35999770803976433
6.28125,-0.27882926870315017
6.28515625,0.018519522902302174
6.2890625,0.2075263822125199
6.29296875,0.24972279486045326
6.296875,0.30463907921147987
6.30078125,0.3103879408666922
6.3046875,0.05797510266268015
6.30859375,0.10593662155967451
6.3125,0.056719674781771534
6.31640625,0.16836133485546007
6.3203125,0.11673733508675707
6.32421875,0.19860287125279474
6.328125,0.2693293484983012
6.33203125,0.04883945648896551
6.3359375,0.055826513283552245
6.33984375,0.10434810669549172
6.34375,0.10030206227259146
6.34765625,-0.0922263179683652
6.3515625,-0.3519125436009668
6.35546875,-0.3575541156396216
6.359375,-0.4210263028139787
6.36328125,-0.6431465192648264
6.3671875,-0.36866844525084963
6.37109375,-0.147630862932965
6.375,0.2513815547015546
6.37890625,0.424064271498494
6.3828125,0.3310955996678964
6.38671875,0.3592207776912788
6.390625,0.4033925077798196
6.39453125,0.2727432453702858
6.3984375,0.4492449975008878
6.40234375,0.34046029458156946
6.40625,0.29386790533841145
6.41015625,0.3159711293266364
6.4140625,0.1697111309919358
6.41796875,0.1695340285873664
6.421875,0.17540228595818003
6.42578125,-0.0408885386065314
6.4296875,0.18041395721048328
6.43359375,0.027600758567306587
6.4375,-0.23937238463793337
6.44140625,-0.2613040674465167
6.4453125,-0.388877160369601
6.44921875,-0.5688657179416713
6.453125,-0.5836775682675179
6.45703125,-0.42749494697860396
6.4609375,-0.282354480230558
6.46484375,-0.28965725008217513
6.46875,-0.1793762657841205
6.47265625,-0.09225474283214503
6.4765625,-0.10247387809344631
6.48046875,0.02558581773087837
6.484375,-0.003880047199102202
6.48828125,0.2654854916100357
6.4921875,0.33134310591481203
6.49609375,0.22775044506508516
6.5,0.08809383093990955
6.50390625,0.048078576583790965
6.5078125,0.15836989698171194
6.51171875,0.312833262715883
6.515625,0.24864478063989126
6.51953125,0.38654886388260196
6.5234375,0.14327830634885905
6.52734375,0.2268988475323102
6.53125,0.16533570351395446
6.53515625,-0.05264134411253107
6.5390625,-0.2891171353190384
6.54296875,-0.2709405663522307
6.546875,-0.2166728914155862
6.55078125,-0.16893084460679256
6.5546875,-0.22680592801767538
6.55859375,-0.026118953104808718
6.5625,0.3202260690677782
6.56640625,0.3327222559866326
6.5703125,0.5854512474680034
6.57421875,0.379567455153001
6.578125,0.5346546795962116
6.58203125,0.4532245904755394
6.5859375,0.41921867046096184
6.58984375,0.1518945923944471
6.59375,0.03277735492348146
6.59765625,0.27167178932825514
6.6015625,0.3894116538659327
6.60546875,0.535629192130616
6.609375,0.6005215982184182
6.61328125,0.48456133048369715
6.6171875,0.5948261103164197
6.62109375,0.3431401643310131
6.625,0.2692155710463854
6.62890625,-0.03461140641252583
6.6328125,0.020854282001868795
6.63671875,-0.07637282942514574
6.640625,-0.07297483829744823
6.64453125,-0.09372427145930463
6.6484375,-0.10796010608472285
6.65234375,0.09336316965787138
6.65625,0.3253323937169185
6.66015625,0.2463770825000279
6.6640625,0.3848405853494127
6.66796875,0.399625787127776
6.671875,0.30332032726661495
6.67578125,0.45836469247578304
6.6796875,0.06857374648887557
6.68359375,0.41287010249288864
6.6875,0.44172877686179696
6.69140625,0.44169672459723
6.6953125,0.4923696534207248
6.69921875,0.30581311954940055
6.703125,0.3007190706331062
6.70703125,0.3429417501516045
6.7109375,0.3541699592863655
6.71484375,0.2691782239779933
6.71875,0.25337917307308316
6.72265625,0.36645675364368313
6.7265625,0.10620018943571702
6.73046875,-0.11221327346273831
6.734375,-0.22253132265851217
6.73828125,0.08987968480134485
6.7421875,-0.0400014123138575
6.74609375,0.18009052888753466
6.75,0.17732150262678908
6.75390625,0.2210741792644764
6.7578125,0.1384162381577302
6.76171875,0.05976961849692934
6.765625,-0.031592048614915935
6.76953125,-0.05217248701750905
6.7734375,0.021722844986145563
6.77734375,0.16936421280681832
6.78125,-0.021432610847016965
6.78515625,-0.14352519656875962
6.7890625,-0.08523788243539408
6.79296875,-0.03097164124425156
6.796875,0.020860892274540684
6.80078125,0.21535526501387145
6.8046875,0.292260865300048
6.80859375,0.3775516378997484
6.8125,0.03206491792306716
6.81640625,-0.12680258375462003
6.8203125,-0.3553868119511284
6.82421875,-0.4597596927261744
6.828125,-0.14061107044404536
6.83203125,-0.041231131484674666
6.8359375,0.0844289144134843
6.83984375,0.17143251749537344
6.84375,0.20286065352114652
6.84765625,0.12731411336321413
6.8515625,0.2606724108050379
6.85546875,0.08098563830119433
6.859375,0.17048257072525705
6.86328125,0.31187679804487256
6.8671875,0.15672174675914533
6.87109375,0.13377788770385074
6.875,0.1097649734661721
6.87890625,0.06069624636475807
6.8828125,0.2827597674938872
6.88671875,0.20864405653310908
6.890625,0.3353829056959498
6.89453125,0.3402825337233073
6.8984375,0.33933897551795494
6.90234375,0.1295440251068224
6.90625,-0.00794460005396069
6.91015625,-0.005519961889054207
6.9140625,-0.2162758782857162
6.91796875,-0.25977637114540086
6.921875,-0.24252800407119146
6.92578125,-0.3288554585621426
6.9296875,-0.3451437400913719
6.93359375,-0.27284651413559374
6.9375,-0.411898651746482
6.94140625,-0.3943472802037528
6.9453125,-0.34579270463737316
6.94921875,-0.27015157512993604
6.953125,-0.3874070098021397
6.95703125,-0.3776167113556104
6.9609375,-0.4846625020411053
6.96484375,-0.3484277124412169
6.96875,-0.2861330236423316
6.97265625,-0.08205532751862551
6.9765625,-0.05090247129225123
6.98046875,-0.023079166773876978
6.984375,-0.00871533855473957
6.98828125,0.16960480145338735
6.9921875,0.014169478537966037
6.99609375,0.0766830888449633
7.0,0.09727792698444965
7.00390625,-0.13407848775597492
7.0078125,-0.262394289522217
7.01171875,-0.3987392871985202
7.015625,-0.42625609017702865
7.01953125,-0.30690385200496684
7.0234375,-0.24312153227053573
7.02734375,-0.005518637390365473
7.03125,0.05884142346172341
7.03515625,0.03425583439282335
7.0390625,0.0223278394292671
7.04296875,0.10389639534213406
7.046875,0.10983954678430076
7.05078125,-0.03173421958938104
7.0546875,0.0028961092932422608
7.05859375,0.12683001344489164
7.0625,0.13500826249543338
7.06640625,0.494381806689526
7.0703125,0.4248951195774322
7.07421875,0.234111902064353
7.078125,0.39686951829984424
7.08203125,0.32969640313269244
7.0859375,0.3327826782004577
7.08984375,0.08332265498520634
7.09375,0.0027403155661240015
7.09765625,-0.2614929357028667
7.1015625,-0.47205606948265355
7.10546875,-0.5487879465899296
7.109375,-0.6920127579297138
7.11328125,-0.5885944149453513
7.1171875,-0.36716263037658053
7.12109375,-0.3134219996189665
7.125,-0.30857859545866667
7.12890625,-0.29115937999832897
7.1328125,-0.3337612887348582
7.13671875,-0.4113705638686785
7.140625,-0.25354287424729427
7.14453125,-0.24462901122697744
7.1484375,-0.014063737526481808
7.15234375,0.23029196910262095
7.15625,0.13196067782537652
7.16015625,0.31569390025988964
7.1640625,0.39592534823363634
7.16796875,0.4672026999946029
7.171875,0.38422498864706156
7.17578125,0.6522341545866033
7.1796875,0.5723528555048981
7.18359375,0.5208643412843396
7.1875,0.25311406794432406
7.19140625,0.025991576802853425
7.1953125,-0.04576084569806549
7.19921875,-0.08664699416222021
7.203125,0.021858059016258233
7.20703125,-0.029919774102078328
7.2109375,0.1613568169636396
7.21484375,-0.05402039925739739
7.21875,-0.08940779101995379
7.22265625,-0.1676758946466899
7.2265625,-0.04087026161740286
7.23046875,0.1405872669083678
7.234375,0.13805826884751207
7.23828125,0.010668760591509686
7.2421875,0.0944316995910707
7.24609375,-0.007630317013904352
7.25,-0.02284486160404564
7.25390625,0.2289348696274763
7.2578125,0.21326404347827904
7.26171875,0.5558820330217914
7.265625,0.6689725258035972
7.26953125,0.5154217524731916
7.2734375,0.30164231820619547
7.27734375,-0.01642854314391884
7.28125,-0.1924975299437918
7.28515625,-0.23036371553054952
7.2890625,-0.3983504549268027
7.29296875,-0.4614877164765408
7.296875,-0.44256767567016264
7.30078125,-0.3750478243962915
7.3046875,-0.4144127696215294
7.30859375,-0.3199708087261415
7.3125,-0.32883938710612537
7.31640625,-0.23580779734017077
7.3203125,-0.16946811993393415
7.32421875,0.0029508289565976197
7.328125,-0.3069607984217112
7.33203125,-0.2477194677443909
7.3359375,-0.1969767536740169
7.33984375,-0.021524516593287822
7.34375,0.18402228437666532
7.34765625,0.2510291774680354
7.3515625,0.4429254366829215
7.35546875,0.434839020171563
7.359375,0.38895162479155027
7.36328125,0.5482967440950107
7.3671875,0.27747594611888815
7.37109375,0.2166216325726183
7.375,0.02977615590986882
7.37890625,0.007194459499266825
7.3828125,-0.0999976708762671
7.38671875,-0.23716266140277265
7.390625,-0.2530946427448346
7.39453125,-0.14758124053007118
7.3984375,-0.3106934925556186
7.40234375,-0.009793440393539942
7.40625,-0.03255734774058159
7.41015625,-0.23883996923053843
7.4140625,-0.11956652188349992
7.41796875,-0.1817297537971279
7.421875,-0.25876668444483925
7.42578125,-0.40519701489675525
7.4296875,-0.12725453690844502
7.43359375,-0.12934856325585067
7.4375,0.03812229138473369
7.44140625,0.10254368418873475
7.4453125,0.10504754887330837
7.44921875,0.13056392179702114
7.453125,0.04229781876349794
7.45703125,0.20127643878343782
7.4609375,0.1295925710985557
7.46484375,0.007451930595822862
7.46875,-0.047319676805896445
7.47265625,-0.18170224462066004
7.4765625,-0.4837368855927728
7.48046875,-0.43751135138163505
7.484375,-0.3953579706596803
7.48828125,-0.27392541196022496
7.4921875,-0.03408484642354925
7.49609375,0.046138793789522056
7.5,0.05690749055940407
7.50390625,0.04805090184528885
7.5078125,-0.12704661257219368
7.51171875,-0.03636213484246029
7.515625,-0.06210654643301487
7.51953125,-0.11338835618124925
7.5234375,-0.07096476180995356
7.52734375,-0.15261982129027646
7.53125,-0.12533206256924037
7.53515625,0.000362404552358799
7.5390625,0.1648203021891297
7.54296875,0.4456846726171665
7.546875,0.5019803367913013
7.55078125,0.5094469003222029
7.5546875,0.2548934899689875
7.55859375,0.14061404820021198
7.5625,-0.07239618564650997
7.56640625,-0.33718983457140717
7.5703125,-0.07180905946606525
7.57421875,-0.17168653972037912
7.578125,0.06661508277599308
7.58203125,0.08403997280670707
7.5859375,0.039344320525791864
7.58984375,-0.02360678856309455
7.59375,-0.16251707922747763
7.59765625,0.009026385165119874
7.6015625,-0.1683945587607944
7.60546875,0.039440661455179105
7.609375,-0.20726236598577047
7.61328125,-0.11484265642203348
7.6171875,-0.23234157686500412
7.62109375,-0.1429967185351473
7.625,-0.17752823524614736
7.62890625,0.038318639834819986
7.6328125,0.12407796944500679
7.63671875,0.28574286528156245
7.640625,0.23184681038566218
7.64453125,0.04707007949403456
7.6484375,0.11033782963095518
7.65234375,0.03319450113115734
7.65625,-0.006340478240573674
7.66015625,0.19069993573210328
7.6640625,0.042365316531825986
7.66796875,-0.06527741785726346
7.671875,-0.03958607362152055
7.67578125,-0.07969417593016648
7.6796875,-0.03312642894461572
7.68359375,-0.011354731456170237
7.6875,0.08275771359380937
7.69140625,0.16141095280544748
7.6953125,0.03489567485575087
7.69921875,0.042669933240798784
7.703125,-0.07791591945734586
7.70703125,0.057221530253488764
7.7109375,0.08421333784958089
7.71484375,0.024196401773146796
7.71875,0.29246462177197025
7.72265625,0.3911918380928967
7.7265625,0.42820449885542994
7.73046875,0.3831996063657526
7.734375,0.5878443028183593
7.73828125,0.4359069108491112
7.7421875,0.38201341572952224
7.74609375,0.2530032931399253
7.75,-0.01225622683646402
7.75390625,-0.0004889507685101832
7.7578125,-0.1464313893227545
7.76171875,-0.15886403042216984
7.765625,-0.24205352203846367
7.76953125,-0.033198454188581514
7.7734375,-0.10744946690585351
7.77734375,-0.09089663782962447
7.78125,-0.21314543808947925
7.78515625,-0.18930428863103682
7.7890625,-0.5100294388473776
7.79296875,-0.34576961798597694
7.796875,-0.5471174638202915
7.80078125,-0.5060616489688651
7.8046875,-0.46300371122448103
7.80859375,-0.4629961028982315
7.8125,-0.18054096348265258
7.81640625,-0.05231232858597979
7.8203125,0.09113007170939832
7.82421875,0.08353196948763034
7.828125,0.22880079799116365
7.83203125,0.3561016135010754
7.8359375,0.24914716188097452
7.83984375,0.1814756142838235
7.84375,0.08951911852296228
7.84765625,0.044929880072071514
7.8515625,-0.018220231167569087
7.85546875,0.14234784355159705
7.859375,0.09835156233082462
7.86328125,0.016302864827668077
7.8671875,0.05956216772067166
7.87109375,-0.06277124312697877
7.875,-0.06799253333202308
7.87890625,-0.06169774376332594
7.8828125,-0.1673752187249934
7.88671875,-0.22017467884141495
7.890625,-0.2910360491248375
7.89453125,-0.34183273068445064
7.8984375,-0.07301289728947116
7.90234375,-0.2705642377050484
7.90625,-0.0016804520305083305
7.91015625,0.05959377299791255
7.9140625,0.1456483052468155
7.91796875,0.2701210887623508
7.921875,0.4642729119461038
7.92578125,0.30192603897421677
7.9296875,0.20196247255866842
7.93359375,0.028927560917572127
7.9375,-0.18540154376214993
7.94140625,-0.21435017330350176
7.9453125,-0.19449481638727845
7.94921875,-0.26323190619236025
7.953125,-0.25627729383760256
7.95703125,-0.2586397102842935
7.9609375,-0.35400418169038217
7.96484375,-0.44458456825328124
7.96875,-0.39700135212924836
7.97265625,-0.39856143574876224
7.9765625,-0.4241084964902453
7.98046875,-0.5347594898025896
7.984375,-0.7196443154382766
7.98828125,-0.5124134437432168
7.9921875,-0.6405412394762643
7.99609375,-0.21325280305222316
8.0,0.025643265445417472
8.00390625,0.2756080160788166
8.0078125,0.5756409364175256
8.01171875,0.6375966495289442
8.015625,0.6733277042296476
8.01953125,0.6305462677219552
8.0234375,0.3610260797783154
8.02734375,0.45314664366836344
8.03125,0.41931057364103635
8.03515625,0.5141184742709364
8.0390625,0.5045206037642715
8.04296875,0.33587215798725156
8.046875,0.20990285136118322
8.05078125,0.29494285420175326
8.0546875,0.2117531801727463
8.05859375,0.25956597558107053
8.0625,0.2703768829369363
8.06640625,0.016492089833798417
8.0703125,-9.89826950095936e-05
8.07421875,-0.3011614992562505
8.078125,-0.601968256799098
8.08203125,-0.2855775177231455
8.0859375,-0.14217748933372112
8.08984375,-0.10276079410059073
8.09375,0.10896108623673309
8.09765625,0.1721104672042012
8.1015625,0.1215356511616197
8.10546875,0.099973384363125
8.109375,0.17005551719203954
8.11328125,0.20592207094955953
8.1171875,0.2992364057389627
8.12109375,0.12547644600745025
8.125,0.2586818465443873
8.12890625,-0.013879613660568984
8.1328125,-0.07321476149863373
8.13671875,0.01574377660598255
8.140625,-0.18843127997628917
8.14453125,0.029116847962526705
8.1484375,-0.07007432510178438
8.15234375,0.048990772291689196
8.15625,-0.11414638124467187
8.16015625,-0.1031310860210493
8.1640625,-0.24013802630249548
8.16796875,-0.29707917623288826
8.171875,-0.12626839725435632
8.17578125,-0.01704406897637941
8.1796875,-0.16205668067208326
8.18359375,-0.005540255385073862
8.1875,0.23555103184207882
8.19140625,0.20769515152815216
8.1953125,0.3942848482638394
8.19921875,0.4822267102106884
8.203125,0.6241584839907065
8.20703125,0.41996968107069593
8.2109375,0.38147586083485024
8.21484375,0.3047764251582587
8.21875,0.012897189713324682
8.22265625,-0.07953737478155427
8.2265625,0.2001477689625612
8.23046875,0.06467113039336363
8.234375,0.13069510080755156
8.23828125,0.2415499778991441
8.2421875,0.007596694302702604
8.24609375,0.024383898269453107
8.25,-0.21448687574254952
8.25390625,-0.19609659086128575
8.2578125,-0.5200131614496007
8.26171875,-0.35656557165233016
8.265625,-0.46203355297007404
8.26953125,-0.34473499846783107
8.2734375,-0.42613003780877656
8.27734375,-0.605641775567334
8.28125,-0.2560952728959889
8.28515625,0.04407153390351059
8.2890625,0.0010197459457866034
8.29296875,0.18965064663005196
8.296875,-0.04923901056555178
8.30078125,-0.03561842128516706
8.3046875,-0.08757528545298289
8.30859375,-0.24032284918121016
8.3125,-0.2840312713126491
8.31640625,-0.08082986773022464
8.3203125,-0.04707407932305574
8.32421875,-0.14957520968508764
8.328125,-0.12199753723941294
8.33203125,0.10514452070135775
8.3359375,-0.11922710332588951
8.33984375,-0.0264181974402886
8.34375,-0.02966386191452102
8.34765625,-0.12123831826723022
8.3515625,0.0015444520812232412
8.35546875,-0.035257294641900035
8.359375,-0.2841952467055663
8.36328125,-0.2878507002257615
8.3671875,-0.13578153159081827
8.37109375,-0.04658047040309122
8.375,0.09631290792776326
8.37890625,0.1576412330456696
8.3828125,0.27101816703428205
8.38671875,0.28393153730496634
8.390625,0.04946685126269993
8.39453125,0.0059917786006900104
8.3984375,0.1031997799729424
8.40234375,-0.13335153381268772
8.40625,0.09919027869267978
8.41015625,-0.0424723810171726
8.4140625,-0.203949286209388
8.41796875,-0.18847064118866527
8.421875,-0.008171272670449163
8.42578125,0.11617448553273917
8.4296875,0.18674906647236322
8.43359375,0.20160328239441727
8.4375,0.05382082288407508
8.44140625,-0.10226820045669696
8.4453125,-0.3558128966019169
8.44921875,-0.6168303882501341
8.453125,-0.5990922165463656
8.45703125,-0.3803976022739194
8.4609375,-0.304880716156439
8.46484375,-0.17014986502869098
8.46875,-0.04018157849956864
8.47265625,0.07757119274284563
8.4765625,0.022309024750406085
8.48046875,0.24107892985885254
8.484375,0.07773899942543663
8.48828125,0.1965640126812902
8.4921875,-0.08333817270366897
8.49609375,-0.05974597894003153
8.5,-0.022571351824553113
8.50390625,-0.023506602943634776
8.5078125,0.004150213027897522
8.51171875,0.16414338480734392
8.515625,0.33093500987766183
8.51953125,0.4421657308376694
8.5234375,0.37812458314173547
8.52734375,0.2979268393732947
8.53125,0.082030868362716
8.53515625,-0.1075552462309245
8.5390625,-0.18332586664720377
8.54296875,-0.22839703885101625
8.546875,-0.2877326287771236
8.55078125,-0.07349808432987252
8.5546875,0.0864688536195709
8.55859375,-0.08749490634171807
8.5625,0.05959220666564249
8.56640625,0.05061520239677365
8.5703125,0.18627617813235997
8.57421875,0.1801274573265463
8.578125,0.21857484112444175
8.58203125,0.11670652498309825
8.5859375,0.14849157327827253
8.58984375,0.14066865001706333
8.59375,0.020476778118959402
8.59765625,0.16863797485088916
8.6015625,0.05228835744239494
8.60546875,0.12420349877139276
8.609375,0.3756560717425136
8.61328125,0.1859144259402215
8.6171875,0.04568414836357114
8.62109375,-0.15730751180418748
8.625,0.006027064994509275
8.62890625,-0.23831520340475268
8.6328125,-0.25203843973243695
8.63671875,-0.435643112864858
8.640625,-0.48695363817912407
8.64453125,-0.5278573214785132
8.6484375,-0.68137535047881
8.65234375,-0.2740544192158826
8.65625,-0.1446263620467407
8.66015625,0.038618780609024086
8.6640625,0.2565279260005522
8.66796875,0.11383869461695452
8.671875,0.22660081764310605
8.67578125,0.29940687884198913
8.6796875,0.11452895050342146
8.68359375,0.02017227377206639
8.6875,0.24860359755583478
8.69140625,0.41292615703420066
8.6953125,0.24749962653640278
8.69921875,0.31324996991327103
8.703125,0.4928676505706099
8.70703125,0.47891272789577743
8.7109375,0.34935087082404964
8.71484375,0.29881576701965284
8.71875,0.251156605095257
8.72265625,-0.009007016216044206
8.7265625,-0.36609487017426195
8.73046875,-0.39396442630785855
8.734375,-0.4791767980725939
8.73828125,-0.5298211175014461
8.7421875,-0.47884829579939553
8.74609375,-0.1735756874694708
8.75,-0.11600371097302849
8.75390625,0.0313426573880071
8.7578125,-0.0013095018702444826
8.76171875,-0.09482424778960122
8.765625,-0.09282083316416512
8.76953125,-0.15117318655605408
8.7734375,-0.1321376115789815
8.77734375,0.15069097515876761
8.78125,0.0314476330512344
8.78515625,-0.08749927063319562
8.7890625,-0.11829919304844336
8.79296875,0.0803805219899047
8.796875,0.014419517757219058
8.80078125,-0.0546893178038992
8.8046875,0.07147574513106666
8.80859375,-0.006674021591840925
8.8125,-0.1839775214319752
8.81640625,-0.5005438452553865
8.8203125,-0.6221974518804697
8.82421875,-0.5381014887189571
8.828125,-0.5958071149018802
8.83203125,-0.3632377552892049
8.8359375,-0.25350033220662777
8.83984375,-0.09750419521633269
8.84375,-0.3104969595064028
8.84765625,-0.03889356119863736
8.8515625,0.028881025553926343
8.85546875,0.23707653966243922
8.859375,0.2589637790203923
8.86328125,0.48605737368230134
8.8671875,0.35521467198111073
8.87109375,0.33319116820899036
8.875,0.3250880958028908
8.87890625,0.3884869022196058
8.8828125,0.44547671492260993
8.88671875,0.5513438808516142
8.890625,0.7138625199988431
8.89453125,0.5304124915879704
8.8984375,0.31924503813218746
8.90234375,0.3773620360962375
8.90625,-0.01625760502249769
8.91015625,-0.20546049071455738
8.9140625,-0.3499740575123989
8.91796875,-0.43934578721303535
8.921875,-0.4143778813556163
8.92578125,-0.3608157234664523
8.9296875,-0.32903018035304343
8.93359375,-0.3347905756191979
8.9375,-0.23491287559430046
8.94140625,0.03811214486533396
8.9453125,0.0004834636462825707
8.94921875,0.12510631043040166
8.953125,-0.1435386050297204
8.95703125,-0.3032757047103187
8.9609375,-0.38902066154787873
8.96484375,-0.31217424684100564
8.96875,-0.14848763027702228
8.97265625,0.11699336087267692
8.9765625,0.24427040492510746
8.98046875,0.30198596319401977
8.984375,0.27858792912701186
8.98828125,0.40209276108973097
8.9921875,0.15033585542802627
8.99609375,0.2419576623231493
9.0,0.0256191061133992
9.00390625,-0.015201255903368805
9.0078125,-0.04736570980466533
9.01171875,-0.10830497180037842
9.015625,-0.026831043352431094
9.01953125,-0.02710242848065097
9.0234375,0.057726386385131515
9.02734375,0.17018040010464328
9.03125,0.23128427090672243
9.03515625,0.42913609295750266
9.0390625,0.33298946840034793
9.04296875,0.33982861640489787
9.046875,0.3640773345368913
9.05078125,0.22943400711400525
9.0546875,0.3392471493301679
9.05859375,0.22990291036819083
9.0625,0.41375552517252595
9.06640625,0.37003578813701377
9.0703125,0.412206550181714
9.07421875,0.3671047340392447
9.078125,0.2880346915844161
9.08203125,0.3344388780023943
9.0859375,0.14909805017284952
9.08984375,0.13420776924327474
9.09375,0.06040454752484702
9.09765625,-0.19098054274610798
9.1015625,-0.34535178452077486
9.10546875,-0.5619203137530874
9.109375,-0.553758256773099
9.11328125,-0.3433255848799172
9.1171875,-0.3426147470254759
9.12109375,-0.1573990752070761
9.125,-0.10038805195221305
9.12890625,-0.07863193298691365
9.1328125,-0.29176197789707564
9.13671875,-0.3476943954613004
9.140625,-0.30538571232845546
9.14453125,-0.3382407088825024
9.1484375,-0.13362150226884842
9.15234375,-0.15055422688695896
9.15625,-0.17883603391169786
9.16015625,-0.18893367362677313
9.1640625,0.050258890968150165
9.16796875,0.09636274215254467
9.171875,0.21643961031850123
9.17578125,0.29741783748701806
9.1796875,0.2847782947123588
9.18359375,0.11824700318481637
9.1875,-0.11497462558465978
9.19140625,-0.1813553999081185
9.1953125,-0.24840333651823843
9.19921875,-0.17690262101800788
9.203125,-0.03911511758868746
9.20703125,-0.12860926572203787
9.2109375,0.07049879015436664
9.21484375,-0.020694981476528485
9.21875,0.0035640065225405753
9.22265625,-0.009253749053528363
9.2265625,-0.07801713482807884
9.23046875,-0.048318756839914094
9.234375,0.11044454187609817
9.23828125,-0.09123431915159608
9.2421875,-0.14051300637624806
9.24609375,-0.10575247008278833
9.25,-0.1653336213428976
9.25390625,-0.20613041591416395
9.2578125,0.14477891445355692
9.26171875,0.18770077095324184
9.265625,0.12808552685733457
9.26953125,0.08694402212486341
9.2734375,-0.11665579980993164
9.27734375,-0.1223136761175564
9.28125,-0.2743974654816393
9.28515625,-0.22186486970118344
9.2890625,-0.1712270378906741
9.29296875,-0.17377696455028985
9.296875,-0.27658379198573574
9.30078125,-0.403309578952945
9.3046875,-0.3340106390058895
9.30859375,-0.2897679896144129
9.3125,-0.15805336751435192
9.31640625,-0.1172355007972598
9.3203125,-0.032736414635128226
9.32421875,0.04486831468276352
9.328125,-0.1740922444714641
9.33203125,-0.10922381723447719
9.3359375,-0.18451710044275105
9.33984375,-0.12308026727032238
9.34375,0.11792595633682472
9.34765625,0.16720502144632612
9.3515625,0.27860877162825637
9.35546875,0.44176587590615435
9.359375,0.39797444835803464
9.36328125,0.44147622118885516
9.3671875,0.4768023087489485
9.37109375,0.2532219888989649
9.375,0.3705556661466514
9.37890625,-0.010281352931491322
9.3828125,-0.06553473509217544
9.38671875,-0.2736698410075859
9.390625,-0.10842265721008588
9.39453125,-0.05076622657386681
9.3984375,0.12844109307808502
9.40234375,0.15703392949689898
9.40625,0.04887615937664103
9.41015625,0.05603203151019826
9.4140625,-0.1367434155378499
9.41796875,-0.10773551147814873
9.421875,-0.2362864168039247
9.42578125,-0.2460243363916881
9.4296875,-0.208867111357757
9.43359375,0.04980943156572162
9.4375,0.1387551426804346
9.44140625,0.16155862300711996
9.4453125,0.22940612861906937
9.44921875,0.33801910794038426
9.453125,0.45708522694708614
9.45703125,0.38519741875717783
9.4609375,0.2956651264443641
9.46484375,0.3094171937568093
9.46875,0.1741723861697163
9.47265625,-0.16099231946345102
9.4765625,-0.06799740987507719
9.48046875,-0.2907047899861813
9.484375,-0.17849025790465667
9.48828125,-0.1289070070722066
9.4921875,-0.1616162317916038
9.49609375,-0.13386867582672343
9.5,-0.2184011829276053
9.50390625,-0.21037585188961364
9.5078125,-0.34703656678570854
9.51171875,-0.30659758919918056
9.515625,-0.23365885347031035
9.51953125,-0.07902092227811794
9.5234375,0.1768909290799519
9.52734375,0.19426878206810283
9.53125,0.10795707666326534
9.53515625,0.2864478465695191
9.5390625,0.31842417284130564
9.54296875,0.5115328625061191
9.546875,0.4810934261704027
9.55078125,0.6417557952591274
9.5546875,0.5435907970374717
9.55859375,0.3311084265809151
9.5625,0.07474126287396585
9.56640625,-0.08252111784361232
9.5703125,-0.06626027228372493
9.57421875,-0.08537544561806454
9.578125,0.02769411387928084
9.58203125,-0.16532028271089066
9.5859375,-0.2191757934750932
9.58984375,-0.26903801376701364
9.59375,-0.32604981370198327
9.59765625,-0.30344056668336367
9.6015625,-0.4367805002404512
9.60546875,-0.36095980320583215
9.609375,-0.3615878891467665
9.61328125,-0.49446856129654077
9.6171875,-0.47041078763894084
9.62109375,-0.44792313284516444
9.625,-0.15902105742602196
9.62890625,0.16683355498655847
9.6328125,0.32172959679388247
9.63671875,0.5814433098110596
9.640625,0.6307894748180166
9.64453125,0.32398212712739727
9.6484375,0.1617968930146226
9.65234375,0.016366695236184694
9.65625,-0.08014567264651135
9.66015625,-0.310192103732514
9.6640625,-0.0007842805869599081
9.66796875,-0.27411472373989576
9.671875,-0.21419074432484655
9.67578125,-0.1993719070184206
9.6796875,-0.16329112311747906
9.68359375,-0.09976573377624523
9.6875,-0.015502097120959315
9.69140625,-0.18388462936212277
9.6953125,0.0006973253414652231
9.69921875,-0.15898965306951765
9.703125,-0.2648861514581315
9.70703125,-0.26149794859714154
9.7109375,-0.07793104664890789
9.71484375,0.1098673463251701
9.71875,0.21641142233412672
9.72265625,0.3412347788937031
9.7265625,0.41958230473290864
9.73046875,0.40754361847160986
9.734375,0.501722245921118
9.73828125,0.5408046985387117
9.7421875,0.5304897291239725
9.74609375,0.4805348326715353
9.75,0.3616759658124037
9.75390625,0.07660058492294895
9.7578125,0.12792829385365628
9.76171875,-0.1017033248443719
9.765625,-0.09675302085105372
9.76953125,-0.06967241593629814
9.7734375,-0.11128889143678253
9.77734375,-0.2403392136512588
9.78125,-0.1912707347870646
9.78515625,-0.1721341557948616
9.7890625,-0.3021909531172674
9.79296875,-0.4094001701027673
9.796875,-0.262130019407894
9.80078125,-0.14165498182008127
9.8046875,-0.07613722275040218
9.80859375,0.10052196270928056
9.8125,0.19210365785880004
9.81640625,0.5033283374520142
9.8203125,0.512330879100309
9.82421875,0.6075245491784519
9.828125,0.6566709131504891
9.83203125,0.6927055348230889
9.8359375,0.5688869148448573
9.83984375,0.5797821842747557
9.84375,0.6820352555776391
9.84765625,0.24495613902841037
9.8515625,0.3974301329444583
9.85546875,0.41900214363362176
9.859375,0.5517525684527512
9.86328125,0.7123763890562509
9.8671875,0.7661012482050822
9.87109375,0.804785090955663
9.875,0.6090636012880571
9.87890625,0.5943373012033509
9.8828125,0.45099465528696675
9.88671875,0.3933476199953678
9.890625,0.2769556169696993
9.89453125,0.17634441401170262
9.8984375,0.5694986572817979
9.90234375,0.32632593998206416
9.90625,0.29352746660824214
9.91015625,0.43555363771692795
9.9140625,0.60961945185467
9.91796875,0.6460427562033968
9.921875,0.5129764886109769
9.92578125,0.38635438122795573
9.9296875,0.20381732362714597
9.93359375,0.09930431384626064
9.9375,0.03327800106141906
9.94140625,-0.11461075936769934
9.9453125,-0.1798913821748902
9.94921875,-0.046429462100314865
9.953125,-0.004285376299676035
9.95703125,-0.035978605888693595
9.9609375,-0.12484257755640794
9.96484375,-0.294275428255582
9.96875,-0.2668722707696283
9.97265625,-0.23718297744322914
9.9765625,-0.19237283902612812
9.98046875,-0.21445888745167904
9.984375,-0.29516295949840243
9.98828125,-0.23573648279263076
9.9921875,-0.4161664599521756
9.99609375,-0.11595191264648892
